Title,Year,Citation,Jurisdiction,Line,url
A v A,2007,"EWHC 99 (Fam) 4-9, 4-13, 4-19",,1276,"https://www.bailii.org/cgi-bin/sino_search_1.cgi?query=%22A+v+A%22+EWHC+99+(Fam)+4-9,+4-13,+4-19"
Re A as trustee of the D Trusts,,,,1277,https://www.bailii.org/cgi-bin/sino_search_1.cgi?query=%22Re+A+as+trustee+of+the+D+Trusts%22
Re A Employee Share Trust,,,,1278,https://www.bailii.org/cgi-bin/sino_search_1.cgi?query=%22Re+A+Employee+Share+Trust%22
"A Limited, In the Matter of the Representation of [2013 (1)",,JLR 305]3-40,,1279,"https://www.bailii.org/cgi-bin/sino_search_1.cgi?query=%22A+Limited,+In+the+Matter+of+the+Representation+of+[2013+(1)%22+JLR+305]3-40"
Re A Settlement,,,,1280,https://www.bailii.org/cgi-bin/sino_search_1.cgi?query=%22Re+A+Settlement%22
Re A Settlement,,,,1281,https://www.bailii.org/cgi-bin/sino_search_1.cgi?query=%22Re+A+Settlement%22
Re A Settlement,,,,1282,https://www.bailii.org/cgi-bin/sino_search_1.cgi?query=%22Re+A+Settlement%22
Re A Trust,,,,1283,https://www.bailii.org/cgi-bin/sino_search_1.cgi?query=%22Re+A+Trust%22
Re A Trust,,,,1284,https://www.bailii.org/cgi-bin/sino_search_1.cgi?query=%22Re+A+Trust%22
Re A Trust,,,,1285,https://www.bailii.org/cgi-bin/sino_search_1.cgi?query=%22Re+A+Trust%22
A Trustees Ltd v W [2008,,"JLR N[25]] 8-48, 8-51",,1286,"https://www.bailii.org/cgi-bin/sino_search_1.cgi?query=%22A+Trustees+Ltd+v+W+[2008%22+JLR+N[25]]+8-48,+8-51"
A & B Trusts [2007,,"JLR 444]2-6, 3-44, 3-54, 3-58",,1287,"https://www.bailii.org/cgi-bin/sino_search_1.cgi?query=%22A+&+B+Trusts+[2007%22+JLR+444]2-6,+3-44,+3-54,+3-58"
"A & B Trusts, In the Matter of",2012,"JRC 169A10-9, 10-11, 10-14, 10-22",,1289,"https://www.bailii.org/cgi-bin/sino_search_1.cgi?query=%22A+&+B+Trusts,+In+the+Matter+of%22+JRC+169A10-9,+10-11,+10-14,+10-22"
Re AA,,,,1290,https://www.bailii.org/cgi-bin/sino_search_1.cgi?query=%22Re+AA%22
"A, B and C v Rozel Trustees (Channel Islands) Ltd3-138",,,,1291,"https://www.bailii.org/cgi-bin/sino_search_1.cgi?query=%22A,+B+and+C+v+Rozel+Trustees+(Channel+Islands)+Ltd3-138%22"
"AB Jnr v MB Grand Court of the Cayman Islands, 13 August 2012 8-50, 8-65",,,,1292,"https://www.bailii.org/cgi-bin/sino_search_1.cgi?query=%22AB+Jnr+v+MB+Grand+Court+of+the+Cayman+Islands,+13+August+2012+8-50,+8-65%22"
"AB, Trustor v Smallbone (No 2)",2001,1 WLR 11779-18,,1293,"https://www.bailii.org/cgi-bin/sino_search_1.cgi?query=%22AB,+Trustor+v+Smallbone+(No+2)%22+1+WLR+11779-18"
Abacus (C.I.) Ltd v Appleby [2007,,JLR 499]6-20,,1294,https://www.bailii.org/cgi-bin/sino_search_1.cgi?query=%22Abacus+(C.I.)+Ltd+v+Appleby+[2007%22+JLR+499]6-20
Abacus (C.I.) Ltd v Hirschfield [2001,,"JLR 530]3-18, 3-22",,1295,"https://www.bailii.org/cgi-bin/sino_search_1.cgi?query=%22Abacus+(C.I.)+Ltd+v+Hirschfield+[2001%22+JLR+530]3-18,+3-22"
Abacus (C.I.) Ltd v Imperial Cancer Research Fund 2002/194C (unreported)4-50,,,,1297,https://www.bailii.org/cgi-bin/sino_search_1.cgi?query=%22Abacus+(C.I.)+Ltd+v+Imperial+Cancer+Research+Fund+2002/194C+(unreported)4-50%22
Re Abacus (C.I.) Ltd,,,,1298,https://www.bailii.org/cgi-bin/sino_search_1.cgi?query=%22Re+Abacus+(C.I.)+Ltd%22
"Abdel Rahman v Chase Bank (C.I.) Trust Co Ltd 1984 JJ 127 11-21 , 15-14",,,,1299,"https://www.bailii.org/cgi-bin/sino_search_1.cgi?query=%22Abdel+Rahman+v+Chase+Bank+(C.I.)+Trust+Co+Ltd+1984+JJ+127+11-21+,+15-14%22"
Abdel Rahman v Chase Bank (C.I.) Trust Co Ltd & Ors [1993,,JLR N-4],,1300,https://www.bailii.org/cgi-bin/sino_search_1.cgi?query=%22Abdel+Rahman+v+Chase+Bank+(C.I.)+Trust+Co+Ltd+&+Ors+[1993%22+JLR+N-4]
Aberdeen Railway Co v Blaikie Bros,1854,"1 Macq 461 8-9, 8-17",,1303,"https://www.bailii.org/cgi-bin/sino_search_1.cgi?query=%22Aberdeen+Railway+Co+v+Blaikie+Bros%22+1+Macq+461+8-9,+8-17"
Abidin Daver (The),1984,AC 3982-45,,1304,https://www.bailii.org/cgi-bin/sino_search_1.cgi?query=%22Abidin+Daver+(The)%22+AC+3982-45
ABN International SA (R on the application of) v FSA,2010,EWCA Civ 1235-81,,1305,
Abou-Rahmah v Abacha,2006,"EWCA 1492, [2007] 1 All ER (Comm) 82712-27",,1306,
Re Abrahams' Will Trusts,,,,1307,
Abram Steamship Co v Westville Shipping Co,1923,AC 7738-90,,1308,
Acturus Properties Ltd & Ors v AG [2001,,JLR 43]14-22,,1309,
Adams v Cape Industries plc,1990,"Ch 43315-8, 15-9, 15-17, 15-20",,1310,
Re Adams' Trust,,,,1312,
"Adamson, ex parte",1878,8 ChD 807 (CA)7-4,,1313,
AG v De Carteret [1987-88,,JLR 626]1-26,,1314,
AG v Guardian Newspapers (No 2),1990,"1 AC 109 6-14, 6-20",,1320,
AG v Hall [1995,,JLR 102]1-9,,1321,
AG v Rosenlund and FNB International Trustees Ltd,2015,"JRC 18614-9, 14-48, 14-63, 14-69",,1322,
AG v Tantular [2014 (2) JLR 25],2014,"JRC 243 12-4, 14-43, 14-46",,1323,
AG for Hong Kong v Reid,1994,"1 AC 324 6-14, 6-22, 8-1, 8-19, 8-21",,1324,
AG Securities v Vaughan,1990,"1 AC 417 4-14, 4-55",,1326,
Agip (Africa) Ltd v Jackson,1990,"Ch 265, [1991] Ch 5479-2, 9-20, 9-23, 9-38",,1327,
Ahmed Angulin bin Hadjee Mohamed Salleh Angullia v Estate and Trust,,,,1329,
Agencies,1927,"Ltd [1938] AC 624, PC 7-5, 7-10",,1330,
AIB Group (UK) plc v Mark Redler & Co Solicitors,2014,"UKSC 58 7-26, 7-27, 12-62",,1331,
Aiden Shipping v Interbulk Ltd (The Vimeira) (No 2),1986,1 AC 9651-158,,1332,
Aiken v Short,1856,1 H & N 2109-2,,1333,
Air Jamaica Ltd v Charlton,1999,1 WLR 13996-34,,1334,
Akar v AG of Sierra Leone,1969,3 All ER 384 PC1-9,,1335,
AK Investment CJSC v Kyrgyz Mobil Tel Ltd,2011,"UKPC 7 2-23, 2-45",,1336,
"A, K, L v H",2016,JRC 11616-6,,1337,
Aktieselskabet Dansk Skibsfinansiering v Brothers,2001,2 BCLC 32412-51,,1338,
Alfred Crompton Amusement Machines Ltd v Customs and Excise,,,,1339,
Commissioners (No 2),1974,AC 4055-99,,1340,
Alhamrani v Alhamrani [2007 JLR 44],2007,JCA 164,,1341,
Alhamrani v JP Morgan Trust Co (Jersey) Ltd [2007,,"JLR 527]1-108, 1-109, 3-58, 3-63",,1345,
Al Khudairi v Abbey Brokers Ltd,2010,EWHC 1486 (Ch)12-49,,1347,
Alkin v Raymond,2010,WTLR 111710-15,,1348,
"Allied Irish Banks (C.I.) Ltd, In re [1987-88",,JLR 157]2-45,,1349,
Allnut v Wilding,2007,"EWCA Civ 412, [2007] WTLR 9414-36, 4-38, 4-44, 4-50",,1350,
Re Allsop,,,,1351,
Alsop Wilkinson v Neary,1996,"1 WLR 1220 2-52, 2-53, 3-1, 3-44, 3-58, 3-59",,1352,
Amalgamated Metal Trading Ltd v City of London Police Financial,,,,1355,
Investigation Unit,2003,4 All ER 122514-22,,1356,
Re Amory,,,,1357,
Anagram v Mayo [1994,,"JLR 181] 1-57, 1-88",,1358,
Andrews v Ramsay & Co,1903,2 KB 6358-94,,1359,
Angullia v Estate and Trust Agencies,1927,Ltd [1938] AC 624 (PC)7-14,,1360,
Anker-Petersen v Anker-Petersen,1998,"12 TruLI 166 (6 December, 1990)3-101",,1361,
Antonio Gramsci Shipping Corp & Ors v Recoletos Ltd & Ors including,,,,1362,
Aviars Lembergs,2012,EWHC 1887 (Comm)2-22,,1363,
APEF Management Company 5 Ltd v Comptroller of Income Tax,2013,JRC 2625-83,,1364,
Re Application for Information about a Trust,,,,1365,
Apricus Investments Ltd v CIS Emerging Growth Ltd,2004,JRC 0383-124,,1366,
Arab Monetary Fund v Hashim (No 5),1992,2 All ER 9145-95,,1367,
Araham v Perry,2005,"JRC 150A 1-83, 1-88",,1368,
Arkin v Borchard Lines Ltd & Ors,2005,EWCA Civ 6551-154,,1369,
Armitage v Nurse,1998,"Ch 241, [1997] EWCA Civ 1279 3-69, 5-20, 5-70, 7-18, 7-43",,1375,
Armstrong v Jackson,1917,2 KB 8228-89,,1379,
Armstrong DLW GmbH v Winnington Networks Ltd,2012,EWHC 10 (Ch)9-26,,1380,
Re Armstrong Whitworth Securities Co Ltd,,,,1381,
Arthur v AG of Turks & Caicos Islands,2012,UKPC 307-4,,1382,
Arya Holdings Ltd v Minories Fin Ltd [1993,,JLR N-5]1-103,,1383,
Ashbourne Marketing Ltd v Alfred Mosca and Yankee Exports,,,,1384,
1999/10A (unreported)1-88,,,,1385,
Associated Provincial Picture Houses Ltd v Wednesbury,,,,1386,
Corporation,1948,1 KB 22314-22,,1387,
"ATC (Cayman) Ltd v Rothschild Trust Company Ltd (2011-12) 14 ITELR 523 11-5, 11-41",,,,1388,
Aurthur v AG of Turks & Caicos Islands,2012,UKPC 309-24,,1389,
Australian Commercial Research and Development Ltd v A.N.Z. McCaughan,,,,1390,
Merchant Bank Ltd,1989,2 All ER 652-46,,1391,
Australian Postal Corporation v Lutak,1991,21 NSWLR 58413-51,,1392,
Australian Securities Commission v AS Nominees Ltd,1995,,,1393,
62 FCR 504,1996,"PLR 297 8-23, 12-67",,1394,
Re Avalon Trust,,,,1395,
Avrahami v Biran,2013,"EWHC 1776 (Ch) 8-94, 8-95",,1396,
B v Auckland District Law Society,2003,UKPC 383-138,,1398,
B v B,1978,3 WLR 6245-100,,1399,
B v C,2009,JRC 2452-28,,1400,
B v M-R [2007,,JLR N-48]1-92,,1401,
Re B,,,,1402,
"B Life Interest Settlement, In re",2012,"JRC 229, [2013 (1) JLR 1]",,1403,
"B Settlement, In re [2010",,"JLR 653], [2010 JLR N[29]], [2011 JLR 236]",,1406,
[2012 (1) JLR N [11]],2012,"JRC 005, [2013 (1) JLR 1] 3-10, 3-12, 3-14, 3-18, 3-29",,1407,
"B Trust, In re [2006",,"JLR 562] 3-97, 15-6, 15-75, 15-77, 15-79",,1410,
Re BA Peters plc,,,,1412,
Baden v Societe General pour Favoriser le Developpement du Commerce,,,,1413,
et de l'Industrie en France SA,1993,"1 WLR 5099-8, 9-22, 9-44, 12-17",,1414,
Bagus Investments Ltd v Kastening [2010,,"JLR 355]1-94, 6-4, 6-23, 6-24, 9-6, 9-10, 9-21",,1416,
Bahin v Hughes,1886,21 ChD 3907-49,,1420,
Bailey v Barnes,1894,1 Ch 2513-99,,1421,
Bainbridge v Blair (No 1),1839,1 Beav 45910-19,,1422,
Baker v Courage & Co,1910,1 KB 5616-33,,1423,
Baker v Willoughby,1970,AC 4677-49,,1429,
"Bald Eagle Trust, In re [2003",,"JLR N 16] 15-6, 15-77",,1430,
"Bamford, In the Matter of the Estate of [2003",,JLR N13]]12-24,,1431,
Bank of Credit & Commerce International (Overseas) Ltd v Akindele,,,,1432,
Bank of Credit and Commerce International SA v Saadi,,,,1435,
Bank of Ireland v Jaffery,2012,"EWHC 1377 (Ch) 8-94, 8-95",,1437,
Bank Mellat v HM Treasury,2013,"UKSC 39, [2014] AC 7005-85",,1438,
Bank Tejarat v Hong Kong and Shanghai Banking Corporation (CI) Ltd,,,,1439,
Bankers Trust Co v Shapira,1980,"1 WLR 274, CA 5-93, 5-95",,1441,
Bankes v Salisbury Dioceasan Council of Education,1960,Ch 63110-5,,1442,
Banque Financière de la Cité v Parc (Battersea) Ltd,1999,1 AC 22113-93,,1443,
Banton v CIBC Trust Corp,2000,"182 DLR (4th) 486 13-22, 13-27",,1444,
Barclays Bank v Bhander 1998/152 (unreported)3-44,,,,1445,
Barclays Bank Ltd v Quistclose Investments Ltd,1970,"AC 5676-31, 6-37, 6-38, 9-10",,1446,
Barclays Bank plc v Quinecare Ltd,1992,4 All ER 4889-25,,1448,
Barclays Wealth Trustees (Jersey) Ltd & Barclays Wealth Fund Managers (Jersey),,,,1449,
Ltd v Equity Trust (Jersey) Ltd & Equity Trust Services Ltd,,,,1450,
[2013 (2) JLR 22],2013,"JRC 094, [2014 (1) JJLR 517] 1-147, 1-150, 1-154",,1451,
Re Barclays Wealth Trustees (Jersey) Ltd,,,,1453,
Barings plc (in liquidation) v Coopers & Lybrand (a firm) (No 7),,,,1454,
"Barker, In re [1985-86",,JLR 186]1-9,,1456,
Re Barker's Trusts,,,,1457,
Barlow Clowes International Ltd v Eurotrust International Ltd,,,,1458,
Barlow Clowes International v Vaughan,1992,"4 All ER 22 13-33, 13-40, 13-42",,1460,
Barnes v Addy,1874,"9 Ch App 2449-3, 9-20, 12-23, 12-71",,1462,
Barnes v Tomlinson,2006,"EWHC 3115 (Ch), [2007] WTLR 377 7-67, 7-69",,1463,
Re Barney,,,,1464,
Barra Hotel Ltd v AG [2000,,JLR 370]1-67,,1465,
Re Barret,,,,1466,
Bartlett v Barclays Trust Co Ltd,1980,"1 Ch 515 5-57, 7-16, 7-18, 7-22, 7-28",,1467,
Barton v Armstrong,1976,AC 1046-16,,1470,
"Bastiaan Broere Trust and the Cornelis Broere Trust, In the",,,,1471,
Matter of [2003,,JLR 509]3-14,,1472,
"Batalla-Esquival, In the Matter of [2002",,JLR 192]14-55,,1473,
Bathurst (Countess) v Kleinwort Benson (Channel Islands) Trustees,,,,1474,
"Ltd (Guernsey RC) 38/2004, 2003-04 GLR N [32]5-25, 5-39, 5-42, 5-58",,,,1475,
Baudains v Du Heaume,1886,211 Ex 37910-7,,1477,
Bayley v SG Associates,2014,"EWHC 783 (Ch) [2014] WTLR 1315 12-78, 12-79",,1478,
"BB, In re [2011",,JLR 672]8-60,,1484,
"BB, A and C, In the Matter of the Representation of [2011",,"JLR 672]7-78, 7-83, 7-86, 11-6",,1485,
"BB, A and D, In re [2011",,"JLR 672] 9-43, 9-44, 9-46",,1486,
"Re B, C and D Settlements",,,,1488,
Re Beachcroft Trust,,,,1490,
Re Beale's Settlement Trusts,,,,1491,
Re Beatty,,,,1492,
"Beddoe, In re",1893,"1 Ch 547 3-39, 3-41, 3-58",,1493,
Beer v Tapp,1862,"31 LJCh 513 3-69, 13-85",,1494,
Bell v Heating & Ventilating Engr Co Ltd [1985-86,,JLR 241]16-24,,1495,
"Bell, In re [1995",,"JLR 23] 15-16, 15-50",,1496,
Re Bell's Indenture,,,,1497,
Belmont Finance Co Ltd v Williams Furniture Ltd (No 2),,,,1498,
Bene Ltd v VAR Hanson & Partners [1997,,JLR n10a]5-98,,1501,
Benest v Kendall [1992,,JLR N 2]1-21,,1502,
Benest v Langlois [1993,,JLR 117]6-17,,1503,
Benett v Wyndham,1857,4 De GF & J 25911-20,,1504,
Beningfield v Baxter,1886,"12 App Cas 167 8-13, 12-79",,1505,
Re Benjamin,,,,1506,
Benne Ltd v VAR Hanson & Partners [1977,,JLR N10a]3-29,,1507,
Bennet v Bennet,1879,10 ChD 4746-32,,1508,
Bentinck v Fenn,1887,"12 AppCas 652 8-80, 8-81",,1509,
Bergliter v Cohen,2006,EWHC 123 (Ch)7-81,,1510,
Berry v Farrow,1914,1 KB 6321-60,,1511,
Berry v Green,1938,AC 5755-64,,1512,
Berry Trade Ltd v Moussavi [2003,,JLR N [51]]1-63,,1513,
Berry's Settlement,1966,1 WLR 15153-96,,1514,
"Bhandher, In re [1997",,"JLR N-16B], [1998 JLR N-18] 1-30, 3-46",,1515,
Bhander v Barclays Bank & Trust Co Ltd (1997-98) 1 OFLR 4973-70,,,,1516,
Re Biddulph,,,,1517,
Bilta (UK) Ltd v Nazir,2013,"EWCA Civ 968 9-31, 9-34, 9-35, 9-36, 12-57",,1518,
Binet v Foot [2008,,JLR 172]1-65,,1519,
"Bird Charitable Trust and Bird Purpose Trust, In the Matter of",,,,1520,
[2008 JLR 1],2008,"JRC 013, [2012 (1) JLR 62] 4-54, 5-11, 5-80, 8-37, 10-2, 10-27",,1521,
Bishopsgate Investment Management Ltd v Homan,,,,1523,
"Blackburn v Russell-Hills, unreported, 24 July 19905-64",,,,1525,
Black-Clawson International Ltd v Papierwerke Waldhof-Aschaffenberg,,,,1526,
AG,1975,"AC 591 15-33, 15-71, 15-72",,1527,
Blair v Vallely,2000,WTLR 6158-42,,1528,
Re Blake,,,,1529,
Blenheim Ltd v Morgan [2003,,JLR 598]1-94,,1530,
Re Bluebird Settlement,,,,1531,
B.M.P. Global Distribution Inc v Bank of Nova Scotia,2009,,,1532,
SCC 15,2009,1 SCR 5049-20,,1533,
Boardman v Phipps,1967,"2 AC 46 6-14, 6-17, 8-7, 8-9, 8-18",,1539,
Re Bodega Co Ltd,,,,1541,
Bolton v Curre,1895,1 Ch 54412-8,,1542,
"Bomford, In re [2002",,"JLR N[34] 5-133 , 15-11",,1543,
Bonham v Blake Lapthorn Linell,2006,EWHC 2513 (Ch),,1544,
Boscowen v Bajwa,1996,"1 WLR 328 9-16, 12-23, 13-5, 13-92, 13-93",,1546,
"Boulting & Anor v Association of Cinematograph, Television and",,,,1547,
Allied Technicians,1963,"2 QB 606 8-17, 8-50, 8-79",,1548,
Bowman v Fels,2005,EWCA 226 Civ14-17,,1549,
Boyd v Pickersgill and Le Cornu [2000,,"JLR 310], [1999 JLR 284] 1-96, 1-107, 1-154",,1550,
Boyd v Rozel Trustees (Channel Islands) Ltd,2014,JRC 0564-32,,1552,
Bradstock Trustee Services Ltd v Nabarro Nathanson,1995,"1 WLR 1405 12-78, 12-79",,1553,
Re Brassey's Settlement,,,,1554,
Bray v Ford,1896,"AC 448-1, 8-7, 8-8, 8-9, 8-17, 8-45",,1555,
Brazil (Federal Republic) v Durant Intl Corp [2010,,"JLR 421], [2012 (2) JLR 117]",,1556,
Brazil (Federal Republic) and Municipality of,,,,1565,
Sao Paolo v Citibank NA [2006,,"JLR 478]1-30, 1-43, 5-93, 5-95",,1566,
Breakspear v Ackland,2008,"EWHC 220 (Ch), [2009] Ch 325-14, 5-39, 5-43, 5-44",,1567,
"Brian Munro Ltd Settlement, In re [1995",,JLR N30]3-96,,1569,
"Brinks Ltd v Abu-Saleh (No 3), The Times, 23 October 1995 12-17, 12-22",,,,1570,
Bristol & West Building Society v Mothew,1998,"Ch 1, [1996] EWCA Civ 533",,1571,
British American Elevator Company Ltd v Bank of British,,,,1575,
North America,1919,"AC 658 (PC) 7-4, 7-14, 9-20",,1576,
"Broere Trusts, In re [2004",,"JLR N2] 5-43, 5-97",,1577,
Re Brook's Settlement,,,,1578,
Brown v Barclays Bank plc [2002,,JLR N [1]]1-94,,1579,
Brown v Bennett,1999,"1 BCLC 649 12-17, 12-23",,1580,
Brown v IRC,1965,"AC 244 8-18, 8-49, 8-50",,1581,
Brown v Sivera,2011,ABCA 1097-6,,1582,
Brudnell-Bruce v Moore & Cotton [201],,"EWHC 3679 (Ch)3-18, 10-7, 10-14, 12-5",,1583,
Brunei Investment Agency v Fidelis Nominees Ltd & Ors,,,,1584,
"Bruno Sangle-Ferriere Children's Settlement, In re [2007",,"JLR N8] 3-94, 3-96",,1586,
Brush v Bower Cotton & Bower,1993,4 All ER 741 QBD1-138,,1587,
Buckton v Buckton,1907,ChD 40610-36,,1588,
Re Buckton,,,,1594,
Bullivant v Attorney General for Victoria,1901,AC 19616-44,,1595,
Burridge v Row,1842,1 Y & C Ch 18312-9,,1596,
Burrow's Case,1880,"14 ChD 432, CA13-104",,1597,
"Burt, Boulton & Hayward v Bull",1985,1 QB 27611-19,,1598,
Business Environment Bow Lane Ltd v Deanwater Estates Ltd,,,,1599,
Butler v Axco Trustees Ltd [1997,,"JLR N-17a]7-5, 7-7, 10-7, 16-13",,1601,
Butt v Kelson,1952,"Ch 197 5-53, 5-54",,1602,
Buttes Gas & Oil Co v Hammer (No 3),1981,"QB 2233-126, 3-130, 3-132, 5-98",,1603,
Byrne v South Sefton Health Authority,2001,EWCA Civ 19041-160,,1604,
C v P-S [2010,,"JLR 645] 1-106, 1-107",,1606,
Re C Corporation formerly,,CH Trust,,1607,
"C, In the Matter of the Representation",2012,JRC 05010-9,,1608,
"C Ltd, In re [1997",,"JLR N8] 5-125, 5-134",,1609,
C Trust Co Ltd v Temple [2009,,"JLR N[13]] 8-51, 15-93, 15-95",,1610,
"C Trust, In the Matter of [2008 JLR N20]",2008,"JRC 071 4-49, 4-50",,1611,
"C. A. Settlement, In re [2002",,"JLR 312]3-14, 5-11, 5-13, 5-55",,1612,
Café de Lecq Ltd v RA Rossborough (Insurance Brokers) Ltd [2012 (2),,JLR 115]1-106,,1614,
Campbell v Campbell & Ors [2014 (2),,"JLR 465] 2-41, 2-43",,1615,
Campbell v Gillespie,1900,1 Ch 2257-19,,1616,
Canada Trust & Ors v Stolzenberg & Ors (No 2),1997,EWCA 25922-22,,1617,
Cannon v Nichol [2006,,JLR 299]6-8,,1618,
Re Cape Breton Co,,,,1619,
"Carafe Trust, In re [2005",,"JLR 159] 3-43, 3-58, 5-30, 6-15, 8-56, 8-59",,1620,
"Carapiet's Trusts, Manoogian (Armenian Patriarch of Jerusalem)",,,,1623,
v Sonsino,2002,EWHC 1304 (Ch)2-106,,1624,
Carl Zeiss Stiftung v Herbert Smith & Co (No 2),1969,"2 Ch 276 6-2, 9-25, 13-100",,1625,
Carl Zeiss Stiftung v Rayner & Keeler (No 2),1967,"1 AC 85315-29, 15-30, 15-31, 15-35",,1626,
Carman v Yates,2004,"EWHC 3448 (Ch), [2005] BPIR4-15",,1627,
Castrique v Imrie,1870,LR 4 HL 41415-40,,1628,
Catch a Ride Ltd & Anor v Gardner & Ors,2014,EWHC 209 (Ch)1-103,,1629,
Cattley v Pollard,2007,"Ch 353, [2007] 3 WLR 317",,1630,
Caversham Trustees Ltd v Patel & Ors [2007,,JLR N-30],,1632,
Re Caversham Trustees Ltd,,,,1635,
CCC Ltd v Apex Trust Ltd [2012 (1),,JLR 314]4-27,,1636,
"C, D, E & F, In the Matter of the Representation of",2012,"JRC 169A .......................10.9, 10-11, 10-14",,1637,
Cecil & Ors v Bayat & Ors,2010,EWHC 6412-25,,1639,
Centre Trustees (C.I.) Ltd v van Rooyen [2009,,JLR N [29]]1-110,,1640,
Certain Ltd Partners in PFI Secondary Fund II LP (a firm) v Henderson PFI Secondary,,,,1641,
Fund II LP (a firm),2012,EWHC 3259 (Comm) [2013] QB 93412-79,,1642,
C.F. AD v C Trust and PW,2010,JRC 0015-105,,1648,
Chan v Zacharia,1984,154 CLR 1788-1,,1649,
Channel Islands & International Law Trust Company v Pike [1999,,JLR 28]15-29,,1650,
Channel Islands Knitwear Co Ltd v Hotchkiss [2001,,JLR 570]1-158,,1651,
Chapman v Browne,1902,1 Ch 7857-81,,1652,
Chapman v Chapman,1954,AC 2499-49,,1653,
Re Chapman,,,,1654,
Re Chapman's Settlement Trusts (No 2),,,,1655,
Charalambous v Charalambous,2004,EWCA Civ 103015-75,,1656,
Charitable Corp v Sutton (1742) 2 Atk 4007-36,,,,1657,
Re Charlton,,,,1658,
Charman v Charman (No 2),2007,EWCA Civ 50310-3,,1659,
Chartbrook Ltd v Persimmon Homes Ltd,2009,"UKHL 38, [2009 1 AC 11014-54",,1660,
Charter plc v City Index Ltd,2007,EWCA Civ 13829-1,,1661,
Chellaram v Chellaram,1985,"Ch 4092-52, 2-53, 2-106, 2-108",,1662,
Chellaram v Chellaram (No 2),2002,"EWHC 632 (Ch) 2-71, 2-75, 2-106",,1663,
Cherney v Neuman,2011,EWHC 2156 (Ch)7-86,,1664,
Chessels v British Telecommunications plc,2002,"PLR 141 3-53, 3-74",,1665,
"Chief Aleyideio, In re Estate of [2003",,JLR N[7]]4-56,,1666,
Chief Officer of the States of Jersey Police v Minwalla,2007,JRC 13714-22,,1667,
Chillingworth v Chambers,1896,"1 Ch 685 12-8, 12-12",,1668,
Re Christie-Miller's Marriage Settlement,,,,1669,
Christoforides v Terry,1924,AC 5668-13,,1670,
Chvetsov v BNP Paribas Jersey Trust Corp Ltd [2009,,"JLR 217] 7-50, 12-69, 12-74",,1671,
C.I. Law Trustees Ltd v Minwalla & Ors [2005 JLR 359],2005,"JRC 0992-6, 4-5, 4-19, 15-43",,1672,
Re CIS/213/2004,,,,1675,
Citadel General Assurance Co v Lloyds Bank Canada,1997,3 SCR 8059-20,,1676,
Re City Equitable Fire Insurance Co Ltd,,,,1677,
"Claes Enhőrning v Nordic Link Investments Ltd & Ors , unreported, 24 January 19973-125",,,,1678,
Clapham v Le Mesurier [1991,,JLR 5]5-81,,1679,
Re Clapham,,,,1680,
Clarke v Heathfield (No 2),1985,ICR 60610-21,,1681,
Clayton's Case (Devaynes v Noble),1816,"1 Mer 572 13-40, 13-41",,1682,
Re Clitheroe's Settlement Trusts,,,,1683,
CMS Dolphin Ltd v Simonet,2001,2 BCLC 7048-75,,1684,
"CMC Holdings Ltd v RBC Trust Company (International) Ltd, Regent",,,,1685,
Trust Company & Anor,2015,"JRC 149, [2016] JRC 1498-21, 12-13, 16-1, 16-2",,1686,
Cocks v Chapman,1896,2 Ch 7637-72,,1689,
Coco v A.N. Clark (Engineers),1969,RPC 416-17,,1690,
Cole v Muddle,1852,10 Hare 18612-9,,1691,
Cole v States Police (Chief Officer) [2008,,JLR N [47]]1-56,,1692,
Coleman v Bucks and Oxon Union Bank,1897,2 Ch 2439-20,,1693,
Commerzbank Aktiengesellschaft v IMB Morgan plc,2004,EWHC 2771 (Ch)13-48,,1694,
Commonwealth Reserves v Chodar,2001,3 ITTELR 5499-52,,1695,
Comninos v Prudential Assurance Co Ltd (The Ikarian Reefer),2000,1 All ER 371-162,,1696,
Compagnie Commerciale Andre SA v Artibell Shipping Co Ltd (No 2) 2001 SC 6539-20,,,,1697,
Compagnie Financiere du Pacifique v Peruvian Guano Co,1882,"11 QBD 55, CA........................ 5-97",,1703,
Re Company K 1989 (C No 4081),,,,1704,
Compass Trustees v McBarnett & Ors [2002,,"JLR 312] ....................................... 2-6, 15-6, 15-75, 15-77",,1705,
Competetive Insurance Co v Davies Investments Ltd,1975,3 All ER 254 ........................................ 9-8,,1707,
Concord Trust v The Law Debenture Trust Corporation plc,2004,,,1708,
EWCA Civ 1001,2005,"UKHL 27 ................................................................................... 10-43, 11-41",,1709,
Connelly v RTZ Corp Plc (No 2),1998,AC 854 ............................................................................... 2-45,,1710,
Consul Development Pty Ltd v D.P.C. Estates Pty Ltd,1975,"132 CLR 373, Aus HC ................... 12-19",,1711,
Continental Caoutchouc and Gutta Percha Co v Kleinwort,,,,1712,
Sona & Co,1904,90 LT 474 ........................................................................................................... 9.20,,1713,
Conway v Stokes,1952,4 DLR 124 .................................................................................................. 10-13,,1714,
Cook v Deeks,1916,AC 554 ..............................................................................................................8-75,,1715,
Cook v Dey,1876,2 Ch D 218 ........................................................................................................... 1-84,,1716,
Cooper v Cooper (née Resch) [1985-86,,JLR N-6] .......................................................................... 10-50,,1717,
Cooper v Lieutenent Governor [2001,,JLR 325] ................................................................................. 1-21,,1718,
Cooper v Resch [1987-88,,JLR 428] .................................................................................................. 15-28,,1719,
Cooper v Scott-Farnell,1969,1 WLR 120 ......................................................................................... 1-63,,1720,
Cornick v Le Gac [2003,,JLR N-46] ................................................................................................... 1-102,,1721,
Corporación Nacional del Cobre de Chile v Sogemin Metals Ltd,1997,1 WLR 1396 ................. 12-56,,1722,
Coultard v Disco Mix Club Ltd,2000,1 WLR 707 ........................................................................... 7-17,,1723,
Courtauld's Settlement. Re,1965,1 WLR 1385 .............................................................................. 3-104,,1724,
Cowan de Groot Properties Ltd v Eagle Trust plc,1992,"4 All ER 700...................... 12-19, 12-32, 13-9",,1725,
Coxwell v Franklinski,1864,11 LT 153 ........................................................................................... 16-28,,1726,
Crédit Agricole Corporation and Investment bank v Papadimitriou,,,,1727,
Cridland (t/a Classic Trading Co) v Declercq,1992,JLR 34] ........................................................... 1-69,,1729,
Crill Canavan v Mackinnon,2013,JRC 192A ................................................................................... 2-10,,1730,
Criterion Properties plc v Stratford UK Properties LLC,2002,EWHC 496 (Ch),,1731,
"Crociani, Foortse, BNP Paribus Jersey Trust Corporation Ltd & Appleby Trust",,,,1733,
(Mauritius) Ltd v Crociani & Ors,2014,"JCA 095, [2014 (1) JLR 426]",,1734,
[2014 (2) JLR 508],2014,"UKPC 40, [2014] JCA 089, [2015 (2) JLR N5] .............. 1-94, 1-110, 2-5",,1735,
Cunningham v Cunningham [2009 JLR 227],2010,"JRC 074........................ 1-94, 3-137, 3-139, 5-46",,1737,
"Curatorship of X, In the Matter of [2002",,JLR 259] ............................................................................ 3-34,,1741,
Cusack v Scroop Ltd [1997-98] 1 OFLR 68 ....................................................................................... 9-52,,,,1742,
Re D (in liquidation),,,,1744,
D'Abo v Paget (No 2),2000,WTLR 863............................................................................................ 3-62,,1745,
Re Dacre,,,,1746,
Dagnell v JL Freedom & Co,1993,WLR 388 .................................................................................... 3-38,,1747,
Dalemont Ltd v Senatorov [2013 (2),,"JLR N [35]], [2012 (1) JLR 168] .................... 1-56, 1-107, 1-110",,1748,
Re Dartnall,,,,1750,
Davies v British Geon Ltd,1957,"QB 1, [1956] 3 All ER 389 (CA) .................................................. 1-60",,1751,
Davies v Davies,1837,2 Keen 53412-79,,1757,
Davies v Watkins,2012,EWCA 15703-48,,1758,
"Davies & Christin v Riley 1975 JJ 443 1-57, 1-88",,,,1759,
Davy v Garrett,1878,7 ChD 47316-44,,1760,
"Dawson, In re",1966,2 NSWR 21112-62,,1761,
DD v B & C,2010,JRC 1934-42,,1762,
"DDD 1976 Settlement, In re [2012 (1)",,"JLR N8]3-92, 3-94, 3-95, 3-96",,1763,
De Beer v Kanaar & Co (No 2),2002,EWHC 688 (Ch)8-84,,1764,
Re Deed of Trust made by Equity Trust (Jersey) Ltd,,,,1765,
Deeny (née Dawson) v Health & Social Services Committee [2003,,JLR 138]5-99,,1766,
"Deepak Mokhandas Dalmal & Ors v Rhone Company Ltd, 27 April 1988",,,,1767,
"Jersey, unreported3-125",,,,1768,
Deery v Continental Trust Co Ltd [2010,,JLR N[8]]3-44,,1769,
"Del Amo (AP) v Viberts, Collas Crill, S. Moralee & Ors [2012 (1)",,JLR 180],,1770,
Re Deloitte,,,,1772,
Re Den Haag Trust,,,,1773,
Derrin Brothers Properties (R on the application of) v HMRC,,,,1774,
Derry v Peek 14 App Cas 37416-6,,,,1776,
Desilla v Fells,1879,40 LT 4235-104,,1777,
"Devaynes v Noble, Clayton's Case",1816,"1 Mer 572 13-40, 13-41",,1778,
Dextra Bank & Trust Company Ltd v Bank of Jamaica,2001,UKPC 509-2,,1779,
Dick v Dick [1993,,"JLR [N]1b] 5-119, 5-121",,1780,
Re Dick,,,,1781,
Dick-Stock v Pantrust International SA & Ors,2016,"JRC 021, [2016] JRC 053",,1782,
Re Diplock,,,,1790,
Dixon v Jefferson Seal Ltd [1998,,"JLR 47], [1996 JLR N2b] 1-106, 5-97",,1792,
Re Dixon,,,,1793,
Re D'Jan of London Ltd,,,,1794,
Doering v Doering,1889,"42 ChD 203 12-9, 12-12",,1795,
Don King Productions Inc v Warren,2000,Ch 29148-1,,1796,
Donohue v Armco Ltd,2001,"UKHL 64, [2002] 1 All ER 7492-56",,1797,
Doorstop Ltd v Gillman and Lepervier Holdings Ltd [2012 (2),,"JLR 297]7-30, 7-32, 7-34, 8-90",,1798,
Doraville Properties Corporation v AG,2016,"JRC 128 14-59, 14-63, 14-65",,1799,
Re Double Happiness Trust,,,,1801,
"Douglas, In re [2000",,"JLR 73] 3-92, 3-94, 3-96",,1802,
Downes v Grazebrook,1817,3 Mer 2008-16,,1803,
Dowse v Gorton,1891,AC 19016-13,,1804,
DPP v Kilbourne,1973,AC 7565-104,,1805,
Drake (née Neville) v Gouveia & Anor [2000,,"JLR 411] 1-158, 1-162",,1806,
Re Drexel Burnham Lambert UK Pension Plan,,,,1812,
Re Druce's Settlement Trusts,,,,1813,
"DSL Remuneration Trust, In the Matter of",2007,JRC 2514-39,,1814,
Dubai Aluminium Co v Salaam,2002,"UKHL 48, [2003] 2 AC 366 6-24, 9-43, 9-45",,1815,
Re Duckwari (No 2),,,,1817,
Duke of Manchester v National Westminster Bank Ltd,1987,Ch 2647-72,,1818,
"Dunlop Settlement, In re [2013 (2) JLR N [6]]",2013,"JRC 0293-1, 3-18, 3-60, 4-51",,1819,
"Duomatic Ltd, In re",1969,2 Ch 3659-30,,1820,
Dymocks Franchise Systems (NWS) Pty Ltd v Todd & Ors,,,,1821,
Dyson Technology Ltd v Curtis,2010,EWHC 3289 (Ch)12-17,,1823,
E v E (financial provisions) 1990 2 FLR 2333-97,,,,1825,
Re E Trust,,,,1826,
Re E Trust,,,,1827,
"Eagle Star Ins Co Ltd v Arab Bank plc, 25 February 1991, unreported3-125",,,,1828,
Eagle Trust plc v SBC Securities Ltd,1992,"4 All ER 700 9-23, 9-25, 9-38",,1829,
Easyair Ltd v Opal Telecom Ltd,2009,EWHC 779 (Ch)1-110,,1831,
EC Investments Holdings Pte Ltd v Ridout Residence Pte Ltd,2013,SGHC 13911-74,,1832,
E. D. & F. Man (Sugar) Ltd v Haryanio [1990,,JLR 169]15-69,,1833,
Edge v Pensions Ombudsman,2000,"Ch 602, [1998] Ch 5128-36, 8-41, 8-46, 8-47",,1834,
Edinburgh Corporation v Lord Advocate,1879,"4 App Cas 823, HL SC13-81",,1835,
Re Edward's Will Trusts,,,,1836,
EE v Royal Bank of Canada Trust Co (Jersey) Ltd [2014 (1),,"JLR N [27]] 5-30, 5-68, 8-59",,1837,
"18th August Trust, In re [2006",,JLR N [23]]10-14,,1838,
Eiro v Equinox Trustees & Ors,2006,"JRC 119 10-11, 10-13",,1839,
Eiro v Lombardo,2005,JRC 17210-9,,1840,
"11 Trust, In re [2006",,JLR 280]2-6,,1841,
El Ajou v Dollar Land Holdings plc,1993,3 All ER 717,,1842,
Re Elizabeth K Gates Trust,,,,1845,
"E, L, O and R Trusts, In the Matter of",2008,"JRC 150, [2008 JLR 360] 6-6, 8-1, 8-3, 8-17, 8-25",,1846,
EMM Capricorn Trustees Ltd v Compass Trustees Ltd [2001,,"JLR 205] 2-49, 2-55, 2-59",,1851,
Re Emmet's Estate,,,,1853,
Equitas Lts & Anor v Horace Holman & Co Ltd & Anor,2008,,,1854,
Erlanger v New Sombrero Phosphate Co,1878,3 App Cas 121816-10,,1856,
Ernest Farley & Sons Ltd v Takilla Ltd [1992,,JLR 54]15-28,,1857,
"Erskine Trust, Gregg & Anor v Piggott & Ors",2012,EWHC 732 (Ch)4-54,,1858,
Esnouf v AG for Jersey,1883,8 AppCas 3041-9,,1859,
"Essel Trust, In re [2008",,"JLR N [19]] 10-41, 11-41",,1860,
Estate of Father Amy [2000,,JLR 80]1-5,,1861,
"Esteem Settlement, In re [2003 JLR 188]",2003,"JCR 092, [2003 JLR 188]",,1867,
Evans v Benyon,1887,37 ChD 32912-2,,1877,
Evans v European Bank Ltd,2004,"NSWCA 82, (2004) 61 NSWLR 759-20",,1878,
Eves v Le Main [1999,,"JLR 44] 16-43, 16-44",,1879,
Excalibur Ventures LLC v Texas Keystone Inc,2013,EWHC 2767 (Comm)11-18,,1880,
Re Exeter Settlement,,,,1881,
Exsus Travel Ltd v Turner,2014,EWCA Civ 13317-10,,1883,
Re Eyre-Williams,,,,1884,
"F & O Finance AG, In re [2000",,JLR N-5]5-131,,1886,
Fales v Canada Permanent Trust Co,1977,"70 DLR (3d) 257, Can SC 7-82, 7-86",,1887,
Fane v Fane,1879,13 ChD 22810-38,,1888,
Farah Construction Pty Ltd v Say-Dee Pty Ltd,2007,HCA 2212-19,,1889,
Farrell & Anor v Direct Accident Management Services Ltd & Anor,,,,1890,
Fay v Moramba Services Pty Ltd,2009,NSWSC 142810-15,,1892,
"FC Jones & Sons (a firm), Trustees of the Property of v Jones",1997,Ch 1599-11,,1893,
FG Hemisphere Assocs LLC v Democratic Republic,,,,1894,
of Congo [2011,,"JLR 486] 13-105, 15-20, 15-21",,1895,
FHR European Ventures LLP v Cedar Capital LLC,2014,"UKSC 456-8, 6-14, 6-21, 6-22",,1896,
FHR European Ventures LLP & Ors v Ramsey Neil Mankarious & Ors,,,,1900,
Re Field,,,,1902,
Figg v Clarke,1997,STC 2475-64,,1903,
Finance & Economics Committee v Bastion Offshore Trust Co Ltd [1994,,JLR 325]1-21,,1904,
Finers v Miro,1991,"1 WLR 35, CA 3-17, 3-33",,1905,
Finnigan v Yuan Fu Capital Markets Ltd (in liquidation),2013,NZHC 289911-74,,1906,
Fiona Trust & Holding Corp v Privalov,2010,EWHC 3199 (Comm)12-17,,1907,
Fiona Trust & Holding Corp v Skarga,2013,EWCA Civ 27512-17,,1908,
First American Co v Sheik Zayed Al-Nahyan,1999,"1 WLR 1154, CA5-112",,1909,
First Conference Trust,2010,JRC 055A4-21,,1910,
"First Intl Bank of Granada Ltd, In re [2002",,JLR N[7]]5-131,,1911,
Re Fish,,,,1912,
Fisher v Brooker,2009,UKHL 414-48,,1913,
Fletcher v Collis,1905,"2 Ch 24, CA 7-52, 12-8",,1914,
Fletcher v Green,1864,33 Beav 4267-36,,1915,
Flynn v Reid [2012 (2),,"JLR 226], [2012 (1) JLR 370] 1-144, 2-14, 6-33",,1921,
Ford v Financial Services Authority,2011,EWHC 2583 (Admin)3-131,,1923,
Foreman v Kingstone,2005,WTLR 8235-5,,1924,
Forward v West Sussex County Council,1995,1 WLR 14691-62,,1925,
Forster v Davies,1861,"4 De GF & J 133 10-13, 10-14",,1926,
Re Fortis Aviation Group Employee Benefit Trust,,,,1927,
"10 October 2006, (Guernsey RC)5-24",,,,1928,
Foskett v McKeown,2001,"1 AC 102 2-87, 7-14, 9-2, 13-2, 13-4, 13-5, 13-18, 13-19, 13-20",,1929,
Foss v Harbottle,1843,"2 Hare 451 12-66, 12-86",,1932,
Foster v AG [1992,,"JLR 287] 14-9, 16-6",,1933,
Foster v Spencer,1996,3 All ER 67211-42,,1934,
"Fountain Trust, In re [2005",,"JLR 359] 4-6, 15-6, 15-77",,1935,
Fraser v Murdoch,1881,6 App Cas 855 HL11-42,,1936,
Frawley v Neill,2000,"CP Reports 20, The Times, 5 April 1999, CA 16-10, 16-25",,1937,
Freeman v Ansbacher Trustees (Jersey) Ltd [2009,,JLR 1],,1938,
Re Freiburg Trusts,,,,1942,
Re Freme's Contract,,,,1944,
Re French Caledonia Travel Service Pty Ltd (in liq),,,,1945,
Re Friedman & Asiatrust Ltd,,,,1946,
Friends of Burbage School Ltd v Woodhams,2012,EWHC 1511 (QB)7-7,,1947,
Fuller v Knight,1843,6 Beav 20512-9,,1948,
Futter v Futter,2013,"UKSC 26, [2011] EWCA Civ 197 1-11, 4-21, 4-22, 4-23, 4-24, 4-27",,1949,
"G, In re [2010",,JLR N [27]]7-3,,1952,
"G Family Trusts, In the Matter of [2014 (2)",,JLR N 2]3-14,,1953,
Gale v Rockhampton Apartments Ltd [2007,,"JLR 27], [2007 JLR 332]16-61",,1954,
Gamlestaden Fastigheter AB v Baltic Partners Ltd & Ors [2005,,JLR 57]16-10,,1955,
Gamlestaden Fastigheter AB v Boleat [1998,,JLR N-6]12-66,,1956,
Gardner v Parker,2004,"EWCA Civ 781 8-83, 12-92, 12-99",,1957,
Garnham v PC & Ors,2012,JRC 07811-38,,1958,
Gartside v IRC,1968,AC 55314-50,,1959,
Gastios Holdings Pty Ltd v Nick Kritharas Holdings PTD Ltd,2002,NSWCA 2911-20,,1960,
Re Gee & Co (Woolwich) Ltd,,,,1961,
Gencor ACP Ltd v Dalby,2000,"2 BCLC 734 8-75, 12-17",,1962,
Gerber Garment Technology Inc v Lectra Systems Ltd,1997,RPC 44312-88,,1963,
Gheewala v Compendium Trust Co Ltd [2003,,"JLR 627], [1999 JLR 154]2-7, 2-27, 2-28, 2-41",,1964,
Gibbon v Mitchell,1990,"1 WLR 1304 4-22, 4-28, 4-36",,1966,
Gichuru v States of Jersey Police,2008,JCA 163A14-22,,1967,
Giles v Rhind,2002,"EWCA Civ 1428, [2003] Ch 61812-89",,1968,
Giles v Royal National Institute for the Blind,2014,EWHC 13734-44,,1969,
Giumelli v Giumelli,1999,73 ALJR 5479-52,,1975,
GKN (Jersey) Ltd v Resources Recovery Board,1982,JJ 35915-25,,1976,
Glazier v Australian Men's Health (No 2) 2001 NSWSC 67-18,,,,1977,
Re Gleeds Retirement Benefits Scheme,,,,1978,
Glencore International AG v Metro Trading International,2001,1 Lloyds Rep 2842-91,,1979,
Gluckstein v Barnes,1900,AC 2408-80,,1980,
"Goddard Trustees, In re [1990",,JLR N-2]1-69,,1981,
Godfray v Godfray,1865,3 Moo PC NS 3161-5,,1982,
"Goldcorp Exchange Ltd, In re",1995,"1 AC 74 6-38, 13-83",,1983,
Golder v Peak,1966,JJ 55512-70,,1984,
Goldtrail Travel Ltd v Aydin,2014,"EWHC 1587 (Ch) 12-17, 12-22, 12-57",,1985,
Goldtron v Most Investments Ltd [2002,,JLR 424]5-96,,1986,
Good Luck (The),1992,2 Lloyd's Rep 5403-136,,1987,
Goody v Baring,1956,1 WLR 4488-35,,1988,
Goose v Wilson Sandford & C,2001,"Lloyd's Rep 189, CA, unreported",,1989,
"1 April 1996, ChD12-17",,,,1990,
Gordon v Gore,1890,214 Ex 9510-50,,1991,
Goulding v James,1997,"2 All ER 239, CA 3-96, 3-112",,1992,
Government of India v Taylor,1955,"AC 4915-81, 5-133, 11-21, 15-11",,1993,
Grace v Grace,2012,NSWSC 9767-20,,1994,
Grant v Gold Exploration and Development Syndicate Ltd,1900,1 QB 2338-87,,1995,
Grant v Southwestern and County Properties Ltd,1975,Ch 1855-97,,1996,
Gray v Guardian Trust Australia,2003,NSWSC 7045-23,,1997,
Gray v New Augarita Porcupine Mines Ltd,1952,"3 DLR 1, PC (Canada)6-16",,1998,
Green v Astor & Ors,2013,"EWHC 1857 3-62, 3-68",,1999,
Green v Gaul,2006,"EWCA Civ 1124 16-10, 16-25",,2000,
Green v Jernigan,2003,6 ITELR 3302-55,,2001,
"Green GLG trust, In the Matter of [2002",,JLR 571]4-24,,2002,
Gregson v HAE Trustees Ltd,2008,EWHC 1006 (Ch)12-68,,2003,
"Greville Bathe Fund, In re [2013 (2)",,JLR 402]8-54,,2004,
Re Grimthorpe,,,,2005,
Grindlays Bank plc v Corbett [1987-88,,JLR N-2]1-98,,2006,
Re Grindley,,,,2007,
Grove v Baker [2005,,JLR 348]11-17,,2008,
Grupo Torras SA v Al-Sabah (No 1),1996,1 Lloyds Rep 7,,2009,
Grupo Torras SA v Royal Bank of Scotland plc [1994,,"JLR 41] 5-93, 5-100",,2011,
Guardian Trust and Executors Company of New Zealand Ltd v Public,,,,2012,
Trustee of New Zealand,1942,"AC 115 12-24, 12-54",,2013,
Guinness Peat v Fitzroy Roinson,1987,1 WLR 10273-133,,2014,
Guiness Plc v Saunders,1990,"2 AC 663 8-74, 8-86",,2015,
Re Gurney,,,,2016,
Gwemble Valley Development Co Ltd v Koshy (No 3),2003,EWCA Civ 1048,,2017,
Re H (Minors),,,,2021,
Re H Settlement,,,,2022,
"H Trust, In re [2007 JLR 569]",2006,"JRC 057, [2006 JLR 280] 3-12, 3-29, 5-37, 8-48, 8-51",,2023,
"Hacon v Olsen, Blackhurst & Dorey [1998",,JLR N9B]15-29,,2031,
Hague v Nam Tai Electronics (No 2),2008,UKPC 1311-65,,2032,
Hall v AG [1996,,JLR 129]1-9,,2033,
Re Hallett's Estate,,,,2034,
Halley v Law Society,2003,"EWCA Civ 97 6-28, 9-10, 12-20",,2036,
Halton International Inc v Guernsey Ltd,2006,EWCA Civ 80116-3,,2037,
Re Hambledon's Will Trusts,,,,2038,
Re Hampshire Land Co (No 2),,,,2039,
Hardoon v Belilios,1900,UKPC 6611-42,,2040,
"Hardwick, In the Matter of the Application of [1995",,JLR 245]15-47,,2041,
Hardwicke v Vernon,1808,14 Ves Jr 5045-20,,2042,
Harman v Higgins and Medeva Pharma Ltd [1999,,"JLR N-5] 1-83, 16-53",,2043,
Harris v Digital Pulse Pty Ltd,2003,NSWCA 108-9,,2044,
Harris v Taylor,1914,3 KB 580 (CA)15-24,,2045,
Harris Investments Ltd v Smith,1934,1 DLR 7482-106,,2046,
Re Harrison's Settlement Trusts,,,,2047,
Hartigan Nominees Pty Ltd v Rydge,1992,29 NSWLR 4055-28,,2048,
Harvey v Oliver,1887,57 LT 23911-22,,2049,
Re Haslam & Hier-Evans,,,,2050,
Re Hastings-Bass deceased,,,,2051,
"Hawksford Executors Ltd, In the Matter of the Representation of",,,,2053,
Hawkesley v May,1956,1 QB 3045-5,,2055,
Re Hawtrey Discretionary Settlement,,,,2056,
Hayim v Citibank NA,1987,"AC 730 7-45, 12-78, 12-79",,2057,
Re Hay's Settlement Trusts,,,,2058,
Heerema v Heerema [1985-86,,JLR 293]2-46,,2059,
Heinrichs v Pantrust International SA & Ors,2016,"JRC 106A2-5, 2-8, 2-20, 2-22",,2060,
Heinrichs v Parkes-Heinrichs [1997,,JLR N-9]5-104,,2062,
Heinl v Jyske Bank (Gibraltar) Ltd,1999,"Lloyd's Rep Bank 511 12-49, 12-51",,2063,
Helmsman Ltd v Bank of New York Trust Company (Cayman),,,,2064,
Ltd,2009,CILR 4902-55,,2065,
Helvetic Investment Corp Pty Ltd v Knight,1984,"9 AClr 773, NSW CA11-19",,2066,
Hely-Hutchinson v Brayhead Ltd,1968,"1 QB 549 8-86, 8-90",,2067,
Henderson v Henderson,1843,"3 Hare 100 7-36, 15-29",,2068,
Henry v Geoprosco International,1976,QB 726 (CA)15-24,,2069,
Re Hervey,,,,2070,
Heugh v Scard,1875,33 LT 6593-70,,2071,
Heyman v Dobson,2007,EWHC 350310-13,,2072,
HHH Employee Trust [2013 (1),,"JLR 135], [2012 (2) JLR 64]",,2073,
"Hickman, In re",2009,"JRC 040 11-69, 11-70",,2076,
Hiliard v Eiffe,1874,LR 7 HL 3912-79,,2077,
Hill v Spread Trustee Co Ltd,2005,"EWHC 336 (Ch) 4-8, 4-12, 4-15",,2078,
Hilton v Barker Booth & Eastwood,2005,"UKHL 8, [2005] 1 WLR 5678-35",,2084,
Hilton v Guyot,1895,159 US 11315-7,,2085,
Hirschfield v Philip Sinel & Co [1999,,"JLR 55] 1-69, 6-8, 6-20",,2086,
Hitachi Capital (UK) Plc v V - 12 Finance Ltd & Ors,2009,,,2087,
Hitch v Stone,2001,"EWCA Civ 63 4-4, 4-9, 4-55",,2089,
Re Hocking,,,,2090,
Hodgson v Imperial Tobacco Ltd,1998,1 WLR 10563-117,,2091,
Hogg v Williamson and Strathaven Incorporated [2003,,"JLR N-38] 1-106, 3-54, 5-74",,2092,
Holden v Oyston,2002,EWHC 819 (QB)1-163,,2093,
Re Holden,,,,2094,
Holder v Holder,1968,"Ch 353 8-13, 8-89",,2095,
Hole v Garnsey,1930,AC 4724-53,,2096,
Hollis (Right Reverend) v Rolfe,2008,EWHC 1747 (Ch)9-12,,2097,
Holman v Johnson (1775) 1 Cow 3419-34,,,,2098,
Holt v AG,2014,"UKPC 4 14-13, 14-17",,2099,
Re Holt's Settlement,,,,2100,
Re Holton's Settlement Trusts,,,,2101,
"Hood of Avalon (Lady), In the Matter of4-45",,,,2102,
Howard v Rhodes,1837,1 Keen 58110-9,,2103,
"Howe Family No 1 Trust, In re [2007",,"JLR 660] 4-25, 16-16",,2104,
HR v JAPT,1997,"PLR 99 12-66, 12-67, 12-68, 12-76, 12-78",,2105,
HSBC Trustees Ltd v Reardon,2005,"JRC 130 8-38, 8-48",,2106,
HSU v Barclays Priavte bank & Trust Ltd Retirement Trust [2008,,"JLR N [37]] 15-77, 15-81",,2107,
Hulbert v Avens,2003,"EWHC 76 (Ch), [2003] WTLR 3878-57",,2108,
Hume v AG [2006,,JLR N[36]]5-50,,2109,
Hunt v Luck,1902,1 Ch 42813-99,,2110,
Hunter v Hunter,1938,"NZLR 520 10-9, 10-32",,2111,
Huntington v Attrill,1893,AC 150 (PC)15-11,,2112,
Hurstanger Ltd v Wilson,2007,EWCA Civ 2998-50,,2113,
Hussien v Chong Fook Kam,1970,AC 94214-12,,2114,
IBL Ltd v Planet Financial and Legal Services Ltd [1990,,"JLR 294] 5-93, 5-100, 5-112",,2116,
IBM United Kingdom Pensions Trust Ltd v Metcalf,2012,EWHC 125 (Ch)3-60,,2117,
IFM Corporate Trustees v Helliwell and Mountain,2015,"JRC 160 4-23, 4-42, 4-47",,2118,
"Illinois District Court, In re [2001",,JLR 160]14-53,,2119,
Imageview Management Ltd v Jack,2009,"EWCA Civ 63 8-94, 8-95",,2120,
"IMK Family Trust, In re [2008 JLR 250]",2008,"JCA 196 3-6, 3-46, 3-82, 9-49, 14-67, 15-6",,2121,
Incat Equatorial Guinea Ltd v Luba Freeport Ltd [2010,,"JLR 435] 1-99, 1-129, 1-144",,2124,
Inco Europe Ltd v First Choice Distribution Ltd,2000,1 WLR 5865-83,,2125,
Re Independent Maritime Services Ltd,,,,2126,
Ingram v IRC,1997,"4 All ER 395, [2000] 1 AC 293 8-14, 8-39, 8-86",,2127,
Re Insinger de Beaufort Trust (Jersey) Ltd,,,,2128,
Insurance Corp of Ireland v Strombus,1985,2 Lloyd's Rep 138 (CA)2-45,,2129,
Re International Power Industries NV,,,,2130,
"Internine and Azali Trusts, In the Matter of [2006",,"JLR 195]3-6, 5-13, 5-25, 5-91, 5-92, 5-97",,2131,
"Internine and Intertraders Trusts, In the Matter of [2005",,JLR 236],,2137,
"Internine Trust, In re [2004",,"JLR N[43]]3-43, 3-58, 4-51, 4-54",,2139,
"Internine Trust, In re [2004",,JLR 325]5-11,,2140,
"Internine Trust, In re [2006",,"JLR 176]1-99, 1-108, 3-63, 3-80",,2141,
"Internine Trust, In re",2008,"JRC 32A, [2008 JLR N11]5-93",,2142,
Investec Trust (Guernsey) Ltd v Glenalla Properties Ltd,,,,2143,
"Investors Compensation Scheme, 11-39 Ltd v West Bromwich Building",,,,2146,
Society,1998,1 WLR 9134-52,,2147,
Irby v Irby (No 3),1858,25 Beav 63212-12,,2148,
IRCV v Holmden,1968,AC 6853-99,,2149,
Isaac v Isaac (No 2),2005,"EWHC 435 10-16, 10-20, 10-35",,2150,
Islamic Republic of Iran v Barakat Galleries Ltd,2007,EWCA Civ 137415-11,,2151,
ITS v Susan Morris,2012,EWCA Civ 19513-78,,2152,
J v K,2010,JRC 1105-105,,2154,
J v M [2002,,JLR 330]15-78,,2155,
J & K & Ors,2016,"JRC 110 5-103, 15-74",,2156,
Re Jackson,,,,2157,
"Jackson (née Jackson) v Jackson (née Hurst) 1996 JJ 579 1-83, 16-53",,,,2158,
Jacubs v Rylance,1874,"LR 17 Eq 341 12-9, 12-12",,2159,
Jaiswal v Jaiswal [2007,,"JLR 305] 2-7, 2-29, 2-41",,2160,
"James, ex parte",1803,8 Ves 3378-16,,2161,
James Capel (C.I.) Ltd v Koppel & Fenchurch Trust Ltd [1989,,"JLR 51] 2-19, 2-23, 2-35",,2162,
James Roscoe (Bolton) Ltd v Winder,1915,"1 Ch 62 13-45, 13-47",,2163,
Re Jarvis (Deceased),,,,2164,
Jasmine Trustees Ltd v Wells & Hind,2008,"Ch 194 9-43, 9-47, 9-49",,2165,
"Jasmine Trustees Ltd, In re",2015,"JRC 196 11-69, 11-76",,2166,
JD Wetherspoon plc v Van de Berg & Co Ltd,2009,EWHC 639 (Ch)12-17,,2167,
JEC Ltd Brocken & Fitzpatrick Ltd [2004,,JLR 289]2-10,,2168,
Re Jeep Trust,,,,2169,
Jennings v Mather,1901,"1 KB 108 11-40, 11-43",,2170,
JEP v Al Thani & Ors [2002,,"JLR 542]3-113, 3-116, 3-117, 3-119",,2171,
Jersey Civil Service Association v Establishment Committee of the States,,,,2173,
"of Jersey, unreported 19 October 1994 (RC)11-17",,,,2174,
Jersey Electricity Company Ltd v Brocken & Fitzpatrick Ltd,,,,2175,
[2004 JLR 289],2004,"JRC 1322-109, 7-48, 12-58, 16-23",,2176,
Jersey Evening Post Ltd v Al Thani [2002,,JLR 542]5-125,,2177,
Jersey Financial Services Commission v AP Black (Jersey) Ltd,,,,2178,
Jersey Sports Stadium Ltd v Barclays Private Clients Intl Ltd,,,,2180,
Jetivia SA & Anor v Bilta (UK) Ltd & Ors,2015,"UKSC 23 9-33, 9-34",,2182,
Re Jewell's Settlement,,,,2183,
Jewish National Fund Inc v Royal Trust Co,1965,53 DLR (2d) 5772-106,,2184,
J.J. Harrison (Properties) Ltd v Harrison,2001,"EWCA Civ 146716-5, 16-9, 16-34, 16-35",,2185,
Jofri Bolkiah (Prince) v KPMG [199] 2,,"AC 235 6-8, 6-20",,2191,
John v Dodwell & Company,1918,AC 563 (PC)7-4,,2192,
Johnson v Gore-Wood & Co,2002,"2 AC 112-83, 12-84, 12-88, 12-94",,2193,
Johnson v Reed Corrugated Cases Ltd,1992,1 All ER 169 QBD1-138,,2194,
"Johnson, In re",1880,"15 ChD 370 11-16, 11-58",,2195,
Johnson Matthey Bankers Ltd v Shamji & Ors [1985-86,,JLR N-26d]3-50,,2196,
Jones v Atkinson [1989,,JLR N2]5-98,,2197,
Jones v Kernott,2011,UKSC 536-33,,2198,
Jones v Plane (née) Ferkin [2006,,"JLR 438] CA 6-31, 6-32",,2199,
Re Jones,,,,2200,
Jones & Ors v Firkin-Flood & Anor,2008,"EWHC 2417 (Ch)3-13, 3-17, 3-25, 10-13",,2201,
Re Jordan,,,,2202,
Re Joseph's Will Trusts,,,,2203,
Joyce v Joyce,1978,1 WLR 117016-25,,2204,
J.P. Morgan Trust Co (Jersey) Ltd v Alhamrani [2007,,"JLR N[26]]5-11, 5-25, 5-30, 5-36",,2205,
J.P. Morgan 1998 Employee Trust [2013 (2),,"JLR 239] 3-1, 3-57, 3-60, 4-51, 11-9",,2206,
"Jyske Bank (Gibraltar) Ltd v Spjeldnaes, 23 July 1997 (unreported)13-53",,,,2207,
K Ltd v National Westminster Bank plc,2006,"EWCA Civ 1039, [2007] 1 WLR 31114-12",,2209,
"K Trust, In the Matter of 31/2015 (Guernsey RC)11-9",,,,2210,
"Kaim Todner (a firm), ex parte",1999,QB 9663-113,,2211,
Kain v Hutton,2007,"NZCA 199 10-13, 10-14, 10-37",,2212,
"Kan v HSBC International Trustee Ltd, Poon & Ors",2015,JCA 109,,2213,
Re Kane Trusts,,,,2215,
"Kaplan, In re [2009",,"JLR 88] 14-46, 14-47, 14-49, 14-53, 14-55",,2216,
Re Kay,,,,2218,
"Keech v Sandford (1726) Sel Cast King 618-9, 8-17, 8-19, 13-85",,,,2219,
Kelly v Cooper,1993,AC 2058-95,,2220,
Kemp v Burn,1863,"4 Giff 348 3-70, 5-20",,2221,
Kenneth Allison Ltd v AE Limehouse & Co,1992,2 AC 1051-65,,2222,
Keppel v Wheeler,1927,1 KB 5778-94,,2223,
Kershaw v Micklethwaite,2010,"EWHC 506 10-13, 10-15",,2224,
"Key Trust, In re [2003",,JLR 437]3-14,,2225,
Khoo Tek Keong v Ch'ng Joo Tuan Neoh,1934,"AC 539, PC7-81",,2226,
Kilworth v Mountcashell,1864,15 IrChRep 56512-9,,2227,
King v Serious Fraud Office,2009,UKHL 1714-49,,2228,
Kitchen v Royal Air Force Assn,1958,"2 All ER 249 7-69, 16-6",,2229,
Kleanthous v Paphitis,2011,EWHC 2287 (Ch)5-44,,2230,
Kleinwort Benson Ltd v Lincoln City Council,1999,"2 AC 349 6-26, 9-1, 9-2",,2231,
Konamaneni v Rolls Royce,2002,1 All ER 9792-32,,2232,
Koonmen v Bender [2002 JLR 407],2002,"JCA 218, (2003-04)",,2233,
"6 ITELR 568 2-28, 2-42, 2-49, 2-50, 2-51, 2-55",,,,2234,
Kousouros v O'Halleran & Anor,2014,EWHC 2294 (Ch)3-130,,2236,
Krohn GmbH v Varna Shipyard [1997,,JLR 194]2-9,,2237,
Kuwait Airways Corp & Anor v Kuwait Insurance Co SAK & Ors,,,,2238,
"L & M Trusts, In re [2003",,JLR N6]5-43,,2246,
La Cloche v La Cloche,1870,UKPC 149-8,,2247,
La Motte Garages Ltd v Morgan [1989,,JLR 312]6-28,,2248,
La Petite Croatie Ltd v R.P. Ledo and A.K. Ledo (Née Gale) [2009,,JRC 090]4-58,,2249,
LAC Minerals Ltd v International Corona Resources Ltd,1989,61 DLR (4th) 149-52,,2250,
"Lacey, ex parte",1802,"31 ER 1228 8-9, 8-50",,2251,
Lancaster v Evors,1841,4 Beav 15812-79,,2252,
Re Land Allotments Co,,,,2253,
Landau v Anburn Trustees Ltd [2007,,"JLR 250] 1-109, 3-58, 3-63, 3-77, 3-80",,2254,
Lane v Lane (née Coverdale) [198586,,"JLR 48] 15-6, 15-13, 15-80",,2257,
Larsen v Comptroller of Income Tax,2013,JCA 2395-83,,2258,
Law Society of Upper Canada v Toronto-Dominion Bank,1998,,,2259,
"169 DLR 453, Ont CA13-48",,,,2260,
Re Layton's Policy,,,,2261,
Lee v Sankey,1873,LR 15 Eq 20416-28,,2262,
Lee v South West Thames Regional Health Authority,1985,1 WLR 8453-136,,2263,
Lee v Young,1843,2 Y & C Ch 53210-17,,2264,
Leeds United AFC Ltd v Admatch [2011,,JLR N[22]]1-160,,2265,
Leeds United Football Club Ltd v Weston & Anor,2012,JCA 088,,2266,
Le Marquand v Chiltmead Ltd [1987-88,,JLR 86]5-81,,2268,
Lemery Holdings Pty Ltd v Reliance Fin Servs Pty Ltd,2008,"NSWSC 1344 11-40, 11-76",,2269,
Lescroel v Le Vesconte [2007,,JLR 273]1-94,,2270,
Letterstedt v Broers,1884,"9 App Cas 3717-1, 10-8, 10-11, 10-13",,2271,
Letto v Stone,1890,48H 47316-42,,2273,
Libertarian Investment Ltd v Hall,2014,1 HKC 368 (CFA)7-14,,2274,
Lincoln v Wright,1841,4 Beav 42712-9,,2275,
Re Lincoln Trust Co (Jersey) Ltd,,,,2276,
Lindsay Petroleum Oil Co v Hurd,1874,"LR 5 PC 221 16-10, 16-25",,2277,
Lindsley v Woodfull,2004,EWCA Civ 1658-75,,2278,
Lipkin Gorman v Karpnale Ltd,1991,"2 AC 565, [1987] 1 WLR 987 6-8, 9-1, 9-2, 9-14, 9-25",,2279,
Lister v Hesley Hall Ltd,2001,UKHL 2212-55,,2281,
Lister & Co v Stubbs,1890,45 ChD 18-76,,2282,
Lloyds Bank Private Banking (C.I.) Ltd v Cala Cristal SA [1996,,JLR N20]3-68,,2283,
Liverpool City Council v Irwin,1977,AC 23911-17,,2284,
Lloyd v AG [2004,,JLR N[28]]14-12,,2285,
Lloyd's Trust Company (Channel Islands) Ltd v Fragoso & Ors,,,,2286,
[2013 (2) JLR 444],2013,"JRC 2116-14, 6-21, 6-22, 8-19",,2287,
Lloyds TSB Bank Ltd Markandan & Uddin,2012,"EWCA Civ 65 7-81, 7-84",,2289,
Re Lochmore Trust,,,,2290,
Re Loftus,,,,2292,
Logicrose Ltd v Southend United Football Club Ltd,1988,1 WLR 12568-87,,2293,
"Lombardo Settlement, In re [2000",,JLR N-67]5-20,,2294,
Re Londonderry's Settlement Trusts,,,,2300,
Re Longman's Settlement Trusts,,,,2303,
Lonrho plc v Fayed (No 2),1992,"1 WLR 1, [1992] 1 AC 448, HL6-28, 6-29, 8-1, 12-71",,2304,
Lubbe v Cape plc,2000,"1 WLR 1545 (HL) 2-43, 2-45",,2305,
Re Lucas,,,,2306,
Re Lucking's Will Trusts,,,,2307,
Lumsden v Buchanan,1865,4 Macq 95011-19,,2308,
Lundy v AG 1996,,JLR 1931-16,,2309,
"M Remuneration Trust, In the Matter of",2007,JRC 1844-42,,2311,
Re M Trust,,,,2312,
Re M & L Trusts,,,,2313,
M & M Savant Ltd v Subhash Raja & Ors,2009,EWHC 90149 (Costs)1-102,,2314,
"M & Other Trusts, In the Matter of [2012 (2)",,"JLR 51] 3-44, 3-46, 3-47, 3-118, 3-121",,2315,
"McCarthy, ex parte",1924,1 KB 2563-117,,2318,
"Macdoel Investments Ltd, Sun Diamond Ltd, Durant International Corporation",,,,2319,
and Kildare Finance Ltd v Federal Republic of Brazil,2007,"JLR 201] 1-43, 5-92, 5-93",,2320,
McDonald v Horn,1995,"1 All ER 9613-60, 3-61, 3-69, 3-74",,2322,
Macedonian Orthodox Community Church St Petka Inc v Diocesan Bishop,,,,2323,
of Macedonian Orthodox Church of Australia & New Zealand,,,,2324,
MacFirbhisigh (Ching) & Ors v CI Trustees & Executors Ltd,,,,2326,
[2014 (1) JLR 244],2015,"JRC 2331-94, 6-6, 6-31, 10-20",,2327,
"MacKinnon, in Re [2009",,JLR 387]1-106,,2329,
"MacKinnon v Donaldson, Lufkin & Jenrette Secs Corp",1986,Ch 4825-95,,2330,
Mackinnon v Regent Trust Company Ltd [2005,,"JLR 198], [2004 JLR 477] 4-3, 4-5, 4-8",,2331,
Re McLean Family Settlement,,,,2333,
Maçon v Quérée (née Colligny) [2001,,"JLR 187] 1-101, 1-144",,2334,
McPherson v Watt,1877,3 AppCas 2548-11,,2335,
Macrae v Walsh,1927,27 SR (NSW) 2905-64,,2336,
Macrae (née Tudhope) v Jersey Golf Hotels Ltd,1973,JJ 23137-36,,2337,
Re Madge's Settlement,,,,2338,
Madoff Securities International Ltd v Raven,2013,"EWHC 3147 (Comm) 9-31, 9-34, 9-35",,2339,
Re Malabry Inv Ltd,,,,2341,
Manches LLP v Interglobal Financial Ltd [2009-10] GLR 284 (Guernsey)15-47,,,,2342,
Re Manisty's Settlement Trusts,,,,2343,
Manley v Bell [2007,,JLR N-20]1-106,,2344,
Manley v Santori,1927,1 Ch 1576-16,,2345,
Mannai Investment Co Ltd v Eagle Star Life Assurance Co Ltd,1997,"AC 749 4-52, 4-57",,2346,
Maples v Maples,1988,Fam 1415-72,,2347,
Mara v Browne,1896,"1 Ch 209 9-43, 9-45",,2348,
Marange Investments (proprietary) Ltd v La generale des Carrieres et des Mines,,,,2354,
SARL,2013,"JRC 119A, [2013 (2) JLR N [21] 1-107, 1-110",,2355,
"Marbeck Associates, In re [2014 (1)",,JLR 140]15-47,,2356,
"Marc Bolan Charitable Trust, In re 1981 JJ 11711-21",,,,2357,
Market International Insurance Co Ltd v Surety Guarantee Consultants,,,,2358,
Ltd,2008,EWHC 1135 (Comm)8-23,,2359,
Marley v Mutual Security Merchant Bank,1991,"3 All ER 198 (PC)3-18, 3-28, 3-54, 3-125",,2360,
Marley v Rawlings,2015,"AC 129, [2014] UKSC 2 2-48, 4-54",,2361,
Marret v Marret [2008,,"JLR 384] (CA)1-106, 1-144, 6-28, 14-14",,2362,
Marsden v Regan,1954,"1 WLR 423, CA7-79, 7-80, 7-81, 7-85",,2363,
Marshall Futures Ltd v Marshall,1992,1 NZLR 31612-66,,2364,
Marston Thompson & Evershed plc v Benn,1997,WTLR 31511-19,,2365,
Martell v Consett Iron Co Ltd,1955,Ch 3631-154,,2366,
Re Mason,,,,2367,
Mauger (,,AC) & Son (Sunwin) Ltd v Victor Hugo Management Ltd [1991 JLR N-3]1-99,,2368,
Mayes v Gayton International,1994,CLY 37601-64,,2369,
Maynard v Public Servs Cttee [1995,,JLR 65]16-43,,2370,
Mayo Associates v Cantrade,1995,"JRC 216 1-16, 1-21",,2371,
Mayo Associates SA c Anagram (Bermuda) Ltd [1998,,"JLR 4c], [1995 JLR N-2] 3-124, 7-36",,2372,
Maywal Ltd v Nautech Services Ltd [2014 (2),,"JLR 527] 2-8, 2-10, 2-21",,2373,
MD Mezzanine SA SICA v Servus Holdco SARL,2012,EWHC 1270 (Comm)3-130,,2374,
Medcalf v Mardell,2003,1 AC 12016-45,,2375,
Meehan v Glazier Holdings Pty Ltd,2002,"54 NSWLR 146 7-17, 7-20",,2376,
Mehra v Killachand [1987-88,,JLR 421]5-98,,2377,
Meldrum v Scorer,1887,56 LT 47112-79,,2378,
Menelaou v Bank of Cyprus UK Ltd,2015,UKSC 6613-78,,2379,
Meridian Global Funds Management Asia Ltd,1995,2 AC 500 (PC)9-30,,2380,
Metall und Rohstoff AG v Donaldson Lufkin & Jeanrette Inc,1990,1 QB 39112-71,,2381,
M'Gachen v Dew,1851,15 Beav 8412-9,,2382,
Michel & Gallichan v AG [2006,,"JLR 287] 14-8, 14-9",,2383,
Midland Bank Trust Co Ltd v Green,1980,"Ch 590 3-47, 13-97, 13-98",,2384,
Midland Bank Trust Co (Jersey) Ltd v Federated Pension Services,,,,2385,
Miller v Cameron,1936,"54 CLR 572 10-13, 10-19",,2388,
Miller v Gianne,2007,CILR 1815-13,,2389,
Mills v Drewitt,1855,20 Beav 63216-25,,2390,
Minister for Planning and Environment v Yates & Anor [2008,,"JLR 486] 1-151, 1-160, 1-163",,2391,
Minories Finance v Arya Holdings Ltd [1994,,"JLR 149] 15-28, 15-29, 15-30",,2392,
Minwalla v Minwalla,2004,"EWHC 2823 (Fam), [2005] 1 FLR 7712-108, 4-19, 4-55, 15-75",,2393,
Mitchell v Halliwell,2005,EWHC 9377-80,,2394,
Mitsui & Co Ltd v Nexen Petroleum UK Ltd,2005,EWHC 625 (Ch),,2395,
MM v SG Hambros Trust Co (CI) Ltd,2010,JRC 0373-12,,2397,
Re MM Patel Settlement,,,,2398,
Mobil Sales & Supply Corp v Transoil (Jersey) Ltd,1981,JJ 1436-28,,2399,
Mocha Investments Ltd v Crills [1990,,"JLR N-10]1-30, 7-3, 7-30, 7-36",,2400,
Moffat v Apex Trust Company Ltd,2014,JRC 2524-27,,2401,
Mond v Hyde,1997,BPIR 2505-80,,2402,
"Montagu's Settlement Trusts, In re",1987,"Ch 2647-72, 9-25, 9-26, 9-29, 9-40, 9-51, 13-99",,2403,
Re Montcrieff 's Settlement Trusts,,,,2409,
Montrose Investments Ltd v Orion Nominees Ltd,2004,EWCA (Civ) 10329-2,,2410,
Re Montrow International Ltd and Likouala SA,,,,2411,
Moody v Cox,1917,2 Ch 718-35,,2412,
Re Moody Jersey 'A' Settlement,,,,2413,
Moran v Deputy Registrar for the Parish of St Helier 2007,,JRC 1511-4,,2414,
Morgan and Kemp v Deputy Registrar for the Parish of St Helier,2007,"JRC 151, 4-34",,2415,
Morice v Bishop of Durham,1804,9 Ves 39910-23,,2416,
Morris v Livie,1822,"1 Y &c Ch 380 12-9, 12-12",,2417,
Moss v Integro Trust (BVI) Ltd (1997/98) 1 OFLR 427 (BVI)3-33,,,,2418,
Motew v Bristol & West Building Society,1996,EWCA Civ 5336-6,,2419,
Moulin Global Eyecare Trading Ltd v Commrs of Inland Revenue,,,,2420,
Mourant and Company (Trustees) Ltd & Ors v Broere [2003,,JLR 509]3-14,,2422,
Re Mourant and Company (Trustees) Ltd,,,,2423,
Mubarik v Mubarak [2009,,"JLR N [5]], [2008 JLR 403]1-142, 3-84, 3-89, 3-92",,2424,
Muir v City of Glasgow Bank,1879,4 App Cass 33711-19,,2426,
Multinational Gas & Petrochemical Co v Multinational Gas & Petrochemical,,,,2427,
Servs Ltd,1983,Ch 2589-30,,2428,
Re Munton,,,,2429,
Murad v Al Saraj,2005,"EWCA Civ 9596-16, 8-69, 8-72, 8-74, 8-75, 8-81",,2430,
Murphy v Brentwood District Council,1991,1 AC 39812-69,,2431,
Murphy (J) & Sons Ltd v Johnson Precast Ltd,2008,EWHC 3104 (TCC)1-102,,2432,
Murthy v Sivajothi,1999,1 WLR 467 (CA)15-22,,2433,
Muschinski v Dodds,1985,160 CLR 5839-52,,2434,
Musson v Bonner,2010,WTLR 13696-32,,2435,
Re N,,,,2437,
"Nabaro v Axco Trustees Ltd 1997/230A (Jersey) unreported7-5, 7-16, 7-17, 7-19",,,,2438,
NABB Brothers Ltd v Lloyds Bank International (Guernsey),,,,2439,
Ltd,2005,"EWHC 405 (Ch) 2-18, 2-49, 2-63",,2440,
National Bank of Australasia v Falkingham & Sons,1902,AC 5854-54,,2441,
National Trustees Company of Australasia Ltd v General Finance Company,,,,2442,
of Australasia Ltd,1905,"AC 373 PC7-81, 7-83, 7-85, 7-86",,2443,
National Westminster Bank plc v Jones,2001,"1 BCLC 98 4-14, 4-15",,2444,
Nationwide Building Society v Balmer Radmore,1999,Lloyd's Rep PN 2418-84,,2445,
Nationwide Building Society v Davisons Solicitors,2013,EWCA Civ 16267-84,,2446,
Nautech Services Ltd v CSS Ltd [2014 (1),,JLR 361],,2447,
Nautech Services Ltd v Island Info Tech Centre Ltd [2014 (2),,JLR N[13]]5-100,,2450,
Re Needler's Settlement Trusts,,,,2451,
Neil Ashley,1990,"Settlement, In re [2003 JLR N9] 3-94, 3-96",,2452,
Nelson v Greening & Sykes (Builders) Ltd,2007,EWCA Civ 13581-168,,2453,
Nelson v Larholt,1948,1 KB 3399-8,,2454,
Nelson v Stocker,1859,4 De G & J 4587-52,,2455,
Re New,,,,2456,
New Cap Reinsurance Corp Ltd (in liquidation) v Grant,2011,,,2462,
EWCA Civ 971,2011,BPIR 142815-54,,2463,
Newgate Stud Co v Penfold,2004,EWHC 2993 (Ch),,2464,
New Media Holding Company LLC v Capita Fiduciary Group,,,,2466,
Ltd [2010,,"JLR 272] 5-95, 5-100",,2467,
1900 Trustee Co Ltd v Nurnberg Co Ltd [1998,,JLR N13a]5-96,,2468,
Nimmo v Westpac Banking Corporation,1993,"3 NZLR 218 12-67, 12-68",,2469,
"Nisbet and Potts' Contract, In re",1906,1 Ch 3869-39,,2470,
Nolan v Minerva Trust Company Ltd,2014,JRC 078A,,2471,
Re Norfolk (Duke) Settlement Trusts,,,,2479,
Northampton Relgional Livestock Centre Co Ltd v Cowling,,,,2480,
North Shore Ventures Ltd v Anstead Holdings Inc,,,,2482,
"Northwind Yachts Ltd, In the Matter of [2005",,"JLR 137]16-55, 16-58, 16-59, 16-62",,2484,
Norwich Pharmacal Co v Customs & Excise Commrs,,,,2485,
Nutter v Holland,1894,"3 Ch 408, CA3-13",,2487,
Oakhurst Property Developments & Ors v Blackstar (Isle of Man Ltd),,,,2489,
and Church Street Trustees Ltd,2012,"EWHC 1131 (Ch) 10-50, 10-51, 10-52",,2490,
Oakley v Osiris Trustees Ltd,2008,UKPC 22-64,,2491,
Re Oatway,,,,2492,
OBG Ltd v Allan,2007,"UKHL 21, [2008] 1 AC 1 6-20, 12-70",,2493,
O'Brien v Jersey Evening Post Ltd [1985-86,,JLR N3]5-93,,2494,
"O'Brien, In the Matter of the Representation [2003",,JLR 1]14-55,,2495,
Oceanbulk Shipping and Trading SA v TMT Asia Ltd,2010,UKSC 444-54,,2496,
Official Solicitor v Clore 1984 JJ 8111-99,,,,2497,
Re Ofner,,,,2498,
Ogier Trustees (Jersey) Ltd v CI Law Trustees Ltd,2006,"JRC 158 5-80, 10-41, 10-43",,2499,
"Ogier Trustee (Jersey) Ltd, In re [2006",,JLR N [35]16-22,,2500,
Ogilvie v Allen,1899,"15 TLR 294, HL4-45",,2501,
Ogilvie v Littleboy,1897,"13 TLR 399 4-22, 4-27, 4-45",,2502,
Re Olympia,,,,2503,
Omar v Foreign Secretary,2012,EWHC 17375-95,,2504,
"Onorati Settlement, In re [2013 (2)",,"JLR 324] 4-27, 4-32, 4-34",,2505,
Re Ontario Securities Commission and Greymac Credit Corp,,,,2506,
"(4th) 1 at 12, Ont CA",1988,"52 DLR (4th) 767, Can SC 13-21, 13-33",,2507,
Oriakhel v Vickers & Ors,2008,EWCA Civ 7481-161,,2508,
"Osias Settlements, In re [1987-88",,"JLR 389] 3-84, 3-85, 3-92, 3-93, 3-103",,2509,
Osment v Constable of St Helier 1974 JJ14-14,,,,2510,
O'Sullivan v Management Agency & Music Ltd,1985,QB 4288-74,,2516,
O.T. Computers [2002,,"JLR N[10]], [2004 JLR N[4]]5-131",,2517,
Ottley v Gilby,1845,8 Beavan 6025-73,,2518,
Otto Poon,2011,JRC 16715-95,,2519,
Otto Poon,2014,JRC 254A15-95,,2520,
Overton v Banister,1844,3 Hare 3037-52,,2521,
Owens Bank Ltd v Bracco,1992,"AC 484 15-9, 15-36, 15-58",,2522,
Re Owens Corning Fibreglass (UK) Pension Plan Ltd,,,,2523,
Owners and/or Demise Charterers of the Dredger 'Kamal XXVI' and the Barge,,,,2524,
'Kamal XXIV' v The Owners of the Ship 'Ariela',2010,EWHC 2531 (Comm)1-164,,2525,
P v C [2002,,JLR N 26]5-100,,2527,
"P and R Trusts, In the Matter of",2015,JRC 19610-2,,2528,
Pacific Investments Ltd v Christiansen & others [1995,,JLR 250]1-39,,2529,
Re Paget's Settlement,,,,2530,
Re Pain,,,,2531,
Painter v Hutchinson,2007,EWHC 758 (Ch)4-15,,2532,
Pallot Ltd v Gechena Ltd [1996,,JLR 241]15-28,,2533,
Re Pantone 485 Ltd,,,,2534,
Papadimitriou v Quorum Management Ltd [2004,,JLR N38]7-36,,2535,
Paragon Finance plc v D.B. Thakerar & Co,1999,"1 All ER 400 2-13, 6-1, 6-4, 8-34, 9-10",,2536,
Paragon Group Ltd v Burnell,1991,"Ch 498 1-83, 16-53",,2539,
Parker v McKenna (1874-75) LR 10,,Ch App 968-21,,2540,
Parker-Tweedale v Dunbar Bank plc (No 1),1991,Ch 1212-78,,2541,
Parkes v Vrioni [1999,,JLR N-5]1-59,,2542,
Re Parsons,,,,2543,
Partington v Reynolds,1858,"4 Drew 253, 62 ER 98 7-7, 7-16, 16-13",,2544,
Parujan v Atlantic Western Trustees Ltd [2003,,"JLR N[11]]5-23, 5-50, 10-9, 10-15",,2545,
Passingham v Sherborn,1846,9 Beav 42410-18,,2546,
Patel v Mirza,2016,"UKSC 42, [2014] EWCA Civ 1047 4-15, 6-32",,2547,
Patel v Shah,2005,EWCA Civ 15716-10,,2548,
Patterson v Wooler,1876,2 ChD 5863-58,,2549,
Pattni v Ali,2007,"2 AC 85, [2006] UKPC 51 15-4, 15-13, 15-41",,2550,
Paul A Davies (Australia) Pty Ltd v Davies,1983,"1 NSWLR 440, NSW CA13-51",,2551,
Re Pauling's Settlement Trusts (No 2),,,,2552,
Pearse v Green,1819,1 J & W 1355-20,,2555,
Peconic Industrial Development Ltd v Lau Kwok Fai,2009,"11 ITELR 844 12-60, 16-5",,2556,
Pell v Frischman Engineering Ltd v Bow Valley Iran Ltd [2007,,JLR 479],,2558,
Pemberton v Westaway,1892,215 Ex 49910-50,,2561,
"Penrose, In re",1933,"Ch 793 8-36, 8-37",,2562,
Perczynski (née La Rocque) v Perczynski [2005,,JLR N [23]]1-30,,2563,
Perrins v Bellamy,1898,"2 Ch 521, [1899] 1 Ch 7977-83",,2564,
Perrot v le Breton,1891,"11 CR 291 1-5, 16-61",,2570,
Re Peter Hynd 'H' Settlement,,,,2571,
Petrodel Resources Ltd & Ors v Prest,2013,"UKSC 34 4-9, 4-19, 8-75, 9-18, 12-67",,2572,
Petroleo Brasiliero SA v Mellitus Shipping Inc,2001,2 Lloyds Rep 2032-109,,2573,
Phipps v Boardman,1967,"2 AC 46, HL, [1965] Ch 992 8-17, 8-19, 8-74, 8-78, 9-43",,2574,
Philean Trust Co Ltd v Taylor,2003,"JRC 038, [2003 JLR 61] 3-33, 4-52, 4-54",,2575,
"Philips, In the Estate of [2009",,JLR N21]4-54,,2576,
Philipson-Stow v IRC,1961,AC 7272-95,,2577,
Pilcher v Rawlins,1872,"7 Ch App 259 13-98, 13-104",,2578,
Re Pinto's Settlement,,,,2579,
"Pinto Voluntary Settlement, In re [2004",,JLR N [11]]4-54,,2580,
Pirrwitz v Al Airports Intl Ltd [2013 (1),,JLR N [10]]1-56,,2581,
Pitt v Holt & Futter,2013,"UKSC 26, [2011] EWCA Civ 197 1-11, 4-21, 4-22, 4-23, 4-24",,2582,
PKT Consultants (Jersey) Ltd [1991,,"JLR N-5]] 13-16, 13-44",,2584,
Play Ltd v Legato Assets Ltd [2006,,JLR N-30]1-106,,2585,
"Polly Peck International plc v Nadir Independent, 2 September 1992",,,,2586,
Polly Peck International plc v Nadir (No 2),1993,BCLC 187,,2588,
Pooley v Quilter,1858,2 De G & J 3278-24,,2590,
Popat v Shonchhatra,1995,"1 WLR 908, [1997] 1 WLR 13678-20",,2591,
Re Portman's Settlement Trusts,,,,2592,
Re Postlethwaite,,,,2593,
Re PP Investors,,,,2594,
Prenn v Simmonds,1971,"1 WLR 1381 4-52, 4-54",,2595,
Re Preston's Estate,,,,2596,
Priddy v Rose,1817,3 Mer 8612-9,,2597,
ProSwing Inc v Elta Golf Inc,2006,SCR 61215-13,,2598,
Protheroe v Protheroe,1968,1 WLR 5198-20,,2599,
Re PSD Enterprises Ltd,,,,2600,
Public Services Committee v Maynard [1996,,"JLR 343] 16-41, 16-42, 16-43",,2601,
Public Trustee v Cooper,2001,"WTLR 901 2-52, 3-19, 3-22, 3-25, 3-29, 5-74",,2602,
Public Trustee v Smith,2008,"NSWSC 397, (2007-2008) 10 ITELR 10184-10",,2604,
Re Pumfrey,,,,2605,
"PW Trust, In re [2010",,"JLR 619] 3-33, 12-24",,2606,
Re Q Trusts,,,,2608,
Quarter Master UK Ltd v Pyke,2004,EWGC 1815 (Ch)8-75,,2609,
R v Akhtar,2011,"EWCA Crim 146, [2011] 4 All ER 416714-16",,2611,
R v Allen,1999,STC 8464-10,,2612,
R v Banks,1997,2 CrAppR (S) 11014-10,,2613,
R v C,2008,JRC 1795-100,,2614,
R v Da Silva,2006,EWCA Crim 165414-12,,2615,
R v G [2006,,JLR N-20]1-113,,2616,
R v Geary,2010,"EWCA Crim 1925 14-11, 14-16, 14-19",,2617,
R v Keith & Ors,2010,EWCA Crim 47714-63,,2623,
"R v Legal Aid Board, ex parte Kaim Todner (a firm)",1999,QB 9663-113,,2624,
R v Seager,2009,EWCA Crim 130314-10,,2625,
"R v Sussex Justices, ex parte McCarthy",1924,1 KB 2563-117,,2626,
R v Waya,2013,1 All ER 8914-54,,2627,
R In the Matter of,2011,JRC 1178-90,,2628,
R (on the application of ABN International SA) v FSA,2010,EWCA Civ 1235-81,,2629,
R (on the application of Derrin Brothers Properties) v HMRC,2014,,,2630,
R (Factortame Ltd) v Transport Secretary (No 8),2003,QB 3811-146,,2632,
"R and M Remuneration Trust, In the Matter of",2007,JRC 184,,2633,
"R and RA Trusts, In the Matter of (25/2014) (Guernsey",,"CA)3-14, 3-64, 5-10, 5-51",,2635,
"R Trust, In the Matter of",2015,JRC 267A15-84,,2636,
"Rabaiotti 1989 Settlement, In re [2000",,"JLR 173] 1-39, 3-70, 4-7, 5-4, 5-11, 5-20",,2637,
"Racz v Perrier Labesse 1979 JJ 158 1-36, 16-53, 16-54",,,,2640,
Rae v Meek,1889,14 App Cas 55812-79,,2641,
Rafferty v Philip,2011,"EWHC 709 (Ch) 8-45, 10-13",,2642,
Raftland Pty Ltd v Commissioner of Taxation,2008,HCA 214-14,,2643,
Rainy Sky SA v Kookmin Bank,2011,1 WLR 29002-48,,2644,
Randall v Errington,1805,10 Ves 4238-13,,2645,
Randalls Properties Ltd v Rozel Bay Hotel Ltd [2005,,JLR N [33]]1-63,,2646,
Re Raybould,,,,2647,
Rayner v Bank for Gemeinwirtschaft AG,1983,1 Lloyd's Rep 462 (CA)15-32,,2648,
RBC Trust Company (Jersey) Ltd v E & Ors,2010,"JCA 2313-12, 3-14, 3-15, 3-18",,2649,
Reading v Attorney General,1951,AC 5078-21,,2650,
"Realisable Property of R Tantular, In the Matter of [2014 (2)",,JLR 25]8-15,,2651,
Regal (Hastings) Ltd v Gulliver,1967,"2 AC 1346-15, 8-9, 8-18, 8-19",,2652,
Reid-Newfoundland Co v Anglo-American Telegraph Co Ltd,,,,2654,
Relfo Ltd (in Liquidation) v Varsani & Ors,2014,"EWCA Civ 1451 1-161, 1-165, 8-18",,2656,
"REO (Powerstation) Ltd, In re [2012 (1)",,JLR N[13]]5-131,,2657,
Republic of Brazil v Durant,2012,JRC 2111-11,,2658,
Re Repus Trust,,,,2659,
"Rex Trust, In re [2013 (2)",,"JLR 444]8-1, 8-21, 8-77, 8-87",,2660,
Re Reynolds,,,,2662,
Rhodes v Macalister,1923,"29 Comm Cas 19, 28 8-94, 8-95",,2663,
Richard v Mackay,1987,"11 Tru Ll 23, 243-12",,2664,
Ricketts v Ricketts,1891,64 LT 26312-2,,2665,
Riddick v Thames Board Mills Ltd,1977,3 All ER 677 (CA)3-126,,2666,
Riley v Pickersgill [2002,,"JLR 196] 1-100, 1-156",,2667,
Rio Tinto Zinc Corp v Westinghouse Electric Corp,1978,AC 547,,2668,
Risdon Iron & Locomotive Works v Furness,1906,1 KB 4911-18,,2670,
Roberts v Gill & Co,2008,"EWCA Civ 803, [2007] All ER (D) 89 (Apr) 12-74, 12-78, 12-79",,2671,
Re Roberts,,,,2678,
Robertson v Lazard Trustees Co C.I. Ltd [1994,,"JLR 103] 2-97, 16-68",,2679,
Robertson Research International v ABG Exploration,1999,CPLR 7561-163,,2680,
Re Robertson's Will Trusts,,,,2681,
Re Robinson,,,,2682,
"Robinson Annuity Investment Trust, In the Matter of",2014,"JRC 133 4-28, 4-32",,2683,
Rolled Steel Products (Holdings) Ltd v British Steel Corporation,1986,Ch 2469-11,,2684,
Ross v Caunters,1980,Ch 29712-69,,2685,
Ross River Ltd v Cambridge City Football Club Ltd,2007,"EWHC 2115 (Ch) 8-21, 8-87, 8-88",,2686,
Re Rouse's Will Trusts,,,,2687,
Rowley v Ginnever,1897,2 Ch 50311-6,,2688,
Royal Bank of Scotland v Skinner,1931,SLT 3829-20,,2689,
Royal Brunei Airlines Sdn Bhd v Tan,1995,"2 AC 378, PC 7-68, 9-21, 9-23, 9-24, 9-30, 9-36",,2690,
Rubin v Eurofinance SA,2010,"EWCA Civ 895, [2011] Ch 13315-54",,2694,
Rumasa SA v W & H Trademarks (Jersey) Ltd [1985-86,,JLR 308]1-60,,2695,
S v L & Bedell Cristin Trustees Ltd,2005,"JRC 109 3-12, 3-22, 3-29",,2697,
"S Settlement, In Re [1987-88",,JLR N-22c]10-21,,2698,
"S Settlement, In the Matter of [2001",,"JLR N [37]]3-19, 3-29, 3-114, 8-48, 8-51, 11-30, 15-92",,2699,
"S Settlement, In the Matter of [2011",,JLR 375]2-10,,2700,
Re S Trust,,,,2701,
Saghira (The),1997,1 Lloyd's Rep 1603-136,,2702,
Re Sainsbury's Settlement,,,,2703,
St Mary and St Michael Parish Advisory Co Ltd Westminster Roman Catholic,,,,2704,
Diocese Trustee,2006,EWHC 762 (Ch)10-5,,2705,
Re Sale Hotel and Botanical Gardens Co Ltd,,,,2706,
Re Sanne Trust Co Ltd,,,,2707,
"025B, [2009",,"JLR N[49]] 4-36, 4-42, 4-50",,2708,
Santander UK plc v RA Legal Solicitors,2014,"EWCA Civ 1837-81, 7-82, 7-85, 7-86",,2709,
Satnam Investments Ltd v Dunlop Heywood & Co Ltd,1999,3 All ER 65212-17,,2710,
Saunders v Vautier,1841,"EWHC Ch J8, (1841) 4 Beav 115 3-85, 3-86, 5-37, 8-52, 10-1",,2711,
Sayers v Briggs,1964,JJ 3991-12,,2712,
Schibsby v Westenholz,1870,LR 6 QB 15515-8,,2713,
Schmidt v Rosewood Trust Ltd,2003,"UKPC 262-59, 3-6, 3-14, 3-15, 3-70, 5-4, 5-11",,2714,
Schuler (L) AG v Wickman Machine Tool Sales Ltd,1974,AC 2514-52,,2717,
Schulman v Hewson,2002,EWHC 855 (Ch)16-10,,2718,
Scott v Scott,1962,109 CLR 64913-25,,2719,
Scott v Scott,1931,AC 4373-117,,2720,
Seaconsar Far East Ltd v Bank Markazi Jomhouri Islami Iran,,,,2721,
Seager v Copydex Ltd,1967,1 WLR 9236-20,,2723,
Seale's Marriage Settlement,1961,Ch 5743-92,,2724,
Sea Star (The),2001,UKHL 19-22,,2725,
"Seaton Trustees Ltd, In re [2009",,"JLR N[15]] 4-25, 8-40",,2726,
Secretary of State v Aurum Marketing Ltd & Anor,2000,EWCA Civ 2241-160,,2732,
Secretary of State for Justice v Topland Group plc,2011,EWHC 98312-19,,2733,
Segbedzi v Segbedzi,2002,"WTLR 83, CA7-78",,2734,
Selangor United Rubber Estates v Craddock (No 3),1968,1 WLR 1555,,2735,
Selby v Romeril [1996,,JLR 210]6-28,,2737,
Selsey (Lord) v Rhoades,1824,2 Sim & St 418-16,,2738,
Sempra Metals Ltd (formerly) Metallgesellschaft Ltd) v IRC & Anor,,,,2739,
Sennar (The) (No 2),1985,"1 WLR 490 (HL) 15-30, 15-33",,2741,
Re Sesemann Will Trust,,,,2742,
Seyfang v G.D. Searle & Co,1973,"QB 148, [1973] 1 All ER 2905-104",,2743,
SGI Trust Jersey Ltd v Wijsmuller [2008,,"JLR N-22], [2005 JLR 310] 1-160, 2-28, 2-41",,2744,
Shah v HSBC Private Bank (UK) Ltd,2009,EWHC 79 (QB)14-13,,2745,
Shaker v Al-Bedrawi,2002,"EWCA Civ 1452 8-83, 12-87",,2746,
Shalson v Russo,2003,"EWHC 1637, [2005] Ch 28 4-9, 4-12, 4-13, 13-32, 13-43",,2747,
Re Sharp,,,,2749,
Sharpe v San Paulo Railway Co,1873,8 Ch App 59712-79,,2750,
Shinorvic Trust [2012 (1),,JLR 324]9-49,,2751,
Shipway v Broadwood,1899,1 QB 3698-21,,2752,
Shirley v Channel Islands Knitwear Co Ltd [1985-86,,JLR 404]3-146,,2753,
Showlag v Mansour,1995,"1 AC 431, [1994 JLR 113] 14-67, 15-6, 15-7, 15-14, 15-28",,2754,
Sibley v Berry [1992,,JLR N 4]11-17,,2756,
Sieff v Fox,2005,"EWHC 1312 (Ch) 4-24, 16-16",,2757,
Sims v Hawkins,2007,"EWCA Civ 1175 1-167, 15-9",,2758,
Sinclair v Brougham,1914,"AC 398 13-26, 13-27, 13-67",,2759,
Sinclair v Sinclair,2009,EWHC 926 (Ch)16-25,,2760,
Sinclair Investments (UK) Ltd v Versailles Trade Finance Ltd,2011,,,2761,
EWCA Civ 347,2012,"Ch 453, [2007] EWHC 915 (Ch) 6-21, 7-4, 7-7, 8-75, 8-76",,2762,
Sinel v Goldstein [2003,,"JLR N-20] 1-90, 1-91",,2764,
Sinel Trust Ltd v Rothfield Investments Ltd,2003,"JCA 048, [2003] WTLR 5933-33",,2765,
Singapore Airlines Ltd v Buck Consultants Ltd,2011,EWCA Civ 15423-61,,2766,
Singh v Bhasin,2000,"WTLR 275 3-49, 3-58",,2767,
Sirdar Gurdyal Singh v Rajah of Faridkote,1894,"AC 670 (PC) 15-17, 15-27",,2768,
Siskina (The),1979,"AC 255 2-8, 2-21",,2769,
Re Skeats' Settlement,,,,2770,
Re Skinner,,,,2771,
Smith v Dresser,1866,LR 1 Eq 65111-7,,2772,
Smith v Smith,1835,1 Y & C 33812-9,,2773,
Snell v Beable,2001,2 UKPC 3041-4,,2774,
Snook v London and West Riding Investment Ltd,1967,"2 QB 786 4-3, 4-12",,2775,
Soar v Ashwell,1983,"2 QB 390 9-43, 16-28",,2776,
Sociedad Financiera Sofimeca & Anor v Kleinwort Benson (Jersey),,,,2777,
Trustees Ltd & Ors,1992,"JRC 125 12-4, 12-8",,2778,
Society of England and Wales v Habitable Concepts Ltd,2010,1449 (Ch)12-23,,2779,
Society of Lloyd's v Robinson,1999,"1 WLR 763 4-52, 4-53, 4-54",,2780,
Solvalub Ltd v Match Investments Ltd [1996,,"JLR 361] 2-9, 15-24",,2781,
Re Somerset,,,,2787,
Southern Commodities Property Ltd v Martin 1991 SLT 8313-66,,,,2788,
Southgate v Sutton,2011,EWCA Civ 6374-50,,2789,
Sovereign Trust International Ltd v WJB Chilterns Trust Company,2005,JRC 0045-80,,2790,
Space Investments Ltd v Canadian Imperial Bank of Commerce Trust,,,,2791,
Co (Bahamas) Ltd,1986,"1 WLR 1072 7-46, 13-83",,2792,
Speight v Gaunt,1883,"9 App Cas 1, 147-18",,2793,
Spiliada (The),1987,"AC 460 2-27, 2-41, 2-45",,2794,
Spiliada Maritime Corp v Cansulex Ltd,1986,"3 All ER 843, [1987] AC 460 2-19, 2-42, 2-45",,2795,
Springett v Dashwood,1860,2 Giff 5215-20,,2796,
Springfield Nominees Pty Ltd v Bridgelands Securities Ltd,1992,110 ALR 6853-125,,2797,
Re Spurling's will Trusts,,,,2798,
Stack v Dowden,2007,UKHL 176-33,,2799,
Stainton v Carron & Co,1854,18 Beav 14612-79,,2800,
Stanway v Bush [1992,,JLR 115]2-46,,2801,
Re Stapleford Colliery Co,,,,2802,
Re Staples,,,,2803,
Starglade Properties Ltd v Nash,2010,"EWCA Civ 1314, [2011] 1 Lloyd's Rep FC 10212-30",,2804,
Re State of Norway's Application,,,,2805,
State of Qatar v Al Thani [1999,,"JLR 118] 1-7, 2-9",,2806,
Re Steed's Will Trusts,,,,2807,
Steelux Holdings Ltd v Edmonstone (née Hall) [2005,,JLR 152]6-28,,2808,
Stevens v Premium Real Estate Ltd,2009,"NZSC 15 8-81, 8-94",,2809,
Re Stevens,,,,2810,
Stone & Rolls v Moore Stephens,2009,"1 AC 1391 9-31, 9-34, 9-35",,2811,
Storm Residential & Commercial Management Ltd v Sarnia Developments,,,,2812,
Ltd 2009-10 GLR 4271-16,,,,2813,
Strata Surveys Ltd v Flaherty [1994,,"JLR 69] 1-63, 1-82",,2814,
"Strathmullen Trust, In the Matter of [2014 (1)",,JLR 309],,2815,
Re Stuart,,,,2818,
Re Stuart,,,,2819,
Stuart-Hutchinson v Spread Trustee Company Ltd,2002,WTLR,,2820,
1523 (Guernsey,,"CA) 3-65, 5-25",,2821,
Re Suco Gold Pty Ltd,,,,2822,
Re Sutherland,,,,2823,
Sutton v Insurance Corporation of the Channel Islands [2011,,JLR 80]6-28,,2824,
Swindle v Harrison,1997,"4 All ER 705 8-50, 8-82",,2825,
Sybron Corporation v Barclays Bank plc,1985,"1 Ch 299 3-125, 3-126, 3-149",,2826,
Symphony Group Plc v Hodgson,1994,"QB 179 1-161, 1-162, 1-163",,2827,
Systemcare (UK) Ltd v Services Design Technology Ltd & Anor,,,,2828,
Systems Design Ltd v President of Equatorial New Guinea 2005-06 GLR 655-95,,,,2830,
"Syvret, In re [2014 (1)",,JLR 71]1-28,,2831,
"T Settlement, In re [2002",,JLR 204]3-96,,2833,
Tamlin v Edgar,2011,EWHC 39493-28,,2834,
Tang Man Sit v Capacious Investments Ltd,1996,"1 AC 514 (PC) 7-21, 8-68, 13-20",,2835,
Tantular v AG [2014 (2) JLR 25],2014,"JRC 24312-4, 14-43, 14-46, 14-47, 14-50, 14-51",,2841,
TA Picot (CI) Ltd v Crills [1995,,JLR 33]15-29,,2842,
Target Holdings Ltd v Redferns,1996,"AC 4217-22, 7-23, 7-26, 7-27, 8-81, 12-62",,2843,
Taylor v Allhusen,1905,"1 Ch 529 8-36, 8-37",,2844,
Taylor v Burnton,2014,EWCA Civ 211-103,,2845,
Taylor v Davies,1920,"AC 636 9-43, 16-2, 16-35",,2846,
Taylor v London and County Banking Co,1901,2 Ch 23113-99,,2847,
Taylor v Taylor [1990,,JLR 124]5-98,,2848,
Taylor v Walker,1958,1 Lloyd's Rep 4908-87,,2849,
"Teague v Trustees, Executors and Agency Co Ltd",1923,"23 CLR 252, Aus HC5-64",,2850,
Re Tebbs,,,,2851,
Templeton v Knox,2011,JRC 2055-96,,2852,
Re Thomas,,,,2853,
Thomas and Agnes Carvel Foundation v Carvel,2007,"EWHC 1314 (Ch) 10-9, 10-13",,2854,
"Thommessen v Butterfield Trusts (Guernsey) Ltd 2009-10 GLR 102 3-28, 3-74, 5-50",,,,2855,
Re Thompson's Settlement,,,,2856,
Thompson's Trustee in Bankruptcy v Heaton & Ors,1974,"1 WLR 605 8-20, 8-79",,2857,
Thomson v Berkhamstead Collegiate School,2009,EWHC 2374 (QB)1-164,,2858,
Three Individual Present Professional Trustees of Two Trusts v An Infant Prospective,,,,2859,
Beneficiary of One Trust,2007,"EWHC 1922 (Ch), [2007] WTLR 16315-44",,2860,
Three Rivers District Council & Ors v Governor and Co of the Bank of England,,,,2861,
Tiger v Barclays Bank Ltd,1952,1 All ER 855-80,,2864,
Re Tilley's Will Trusts,,,,2865,
Tinsley v Milligan,1994,"1 AC 340 4-15, 6-32",,2866,
Tintin Exploration Syndicate Ltd v Sandys,1947,177 LT 41216-5,,2867,
Tito v Waddell (No 2),1977,"Ch 1068-12, 8-13, 8-15, 8-16, 8-39, 8-86",,2868,
"T. J. Moralee, In the Matter of the Estate of [2012 (1)",,JLR 180]9-8,,2869,
Tod v Barton,2002,"EWHC 265 (Ch) 2-90, 2-106",,2870,
Todd v Moorehouse,1874,LR 19 Eq 6911-8,,2871,
Re Toland Trust,,,,2872,
Tomes v Coke-Wallis,2002,JRC 131A15-10,,2873,
Toothill v HSBC Bank plc [2008,,JLR 77]15-10,,2874,
Total Spares and Supplies Ltd & Anor v Antares SRL & Ors,2006,EWHC 1537 (Ch)1-160,,2875,
Tournier v National Provincial and Union Bank of England,1924,1 KB 465-13,,2876,
Towers v Premier Waste Management Ltd,2011,EWCA Civ 9238-69,,2877,
Re Towndrow,,,,2878,
"Townley v Sherborne (1633) J Bridge 35, 123 ER 11817-11",,,,2879,
Transvaal Lnads Co v New Belgium (Transvaal) Land & Development & Co,,,,2880,
Trant v AG [2007,,JLR 231]9-38,,2882,
Travis v Illingworth,1865,"62 ER 652 9-50, 11-6",,2883,
Travis v Milne,1851,9 Hare 14112-79,,2884,
Re Trepca Mines,,,,2885,
Tribe v Tribe,1996,"Ch 107 4-15, 6-32",,2886,
Trilogy Management Ltd v YT Charitable Foundation (Intl) Ltd,2012,"JCA 204 4-51, 10-36",,2887,
Trilogy Management Ltd v YT Charitable Foundation (Intl) Ltd,,,,2888,
Trilogy Management Ltd v YT Charitable Foundation (Intl),,,,2896,
Ltd,2012,"JRC 093 3-8, 4-51, 10-20",,2897,
Trilogy Management Ltd v YT Charitable Foundation (Intl) Ltd,,,,2898,
Trilogy Management Ltd v YT Charitable Foundation (Intl),,,,2900,
Ltd [2013 (2) JLR N 14],2013,"JRC 147 3-73, 3-74, 3-75",,2901,
Trilogy Management Ltd v YT Charitable Foundation (Intl),,,,2902,
Ltd [2014 (2),,JLR N31]16-13,,2903,
Trilogy Management Ltd v YT Charitable Foundation (Intl),,,,2904,
Ltd,2014,"JRC 182 3-122, 3-141, 3-151",,2905,
Trilogy Management Ltd v YT Charitable Foundation,,,,2906,
(Intl) Ltd,2014,"JRC 214 4-51, 7-1, 10-9, 10-14, 10-15, 10-19",,2907,
Trilogy Management Ltd v YT Charitable Foundation (Intl) Ltd,,,,2909,
Trustee 1 v AG,2014,(CA Bda 3 Civ)5-46,,2911,
"Trustees, Executors and Agency Co Ltd v Margottini",1960,VR 4175-64,,2912,
Trustor AB v Smallbone (No 2),2001,1 WLR 11778-75,,2913,
Re Trusts of Leeds City Brewery Ltd's Debenture Stock Trust Deed,,,,2914,
Tsang Yue Joyce v Standard Chartered Bank (Hong Kong),,,,2915,
Ltd,2010,"HKCFI 981, [2010] 5 HKLRD 62812-79",,2916,
TSB Bank v Robert Irving & Burns,1999,"Lloyd's Rep IR 528, [2000] 2 All ER 826 (CA)3-130",,2917,
Re Tucker,,,,2918,
"Turino Consolidated Ltd Retirement Trust, In re [2008",,"JLR N27]3-82, 3-86, 5-37, 5-77",,2919,
Turner v Hancock,1882,"20 ChD 303 3-58, 3-69",,2920,
Turner v Maule,1850,15 Jur 76110-9,,2921,
Re Turner,,,,2922,
"Turpin, ex parte",1832,1 D & C 12012-9,,2923,
Twinsectra Ltd v Yardley,2002,"UKHL12, [2002] AC 164",,2924,
UBS Trustees (Jersey) Ltd v Ismail,2003,JRC 1473-14,,2927,
Ultraframe (UK) Ltd v Fielding,2005,"EWHC 1638 (Ch)8-49, 8-69, 8-75, 12-23, 12-49, 12-51",,2928,
United Capital Corp Ltd v Bender,2006,"JRC 004A 1-83, 2-63",,2929,
United Capital Corp Ltd v Bender,2006,JCA 09416-5,,2930,
United Capital Corp Ltd v Bender [2006,,"JLR 1] 1-88, 2-7, 2-10",,2931,
United Capital Corp Ltd v Bender [2006 JLR N [7]],2006,"JRC 034A7-34, 8-75, 12-53, 13-22",,2932,
United Capital Corp Ltd v Bender [2006,,"JLR 242]2-12, 2-15, 2-16, 2-18",,2933,
United Capital Corp Ltd v Bender & Koonmen [2005,,JLR 401] 3-126,,2935,
"Valetta Trust, In the Matter of [2012 (1) JLR 1]",2011,"JRC 227 1-26, 1-146, 1-147",,2937,
Van der Linde v Van der Linde,1947,"Ch 306 4-42, 4-44",,2939,
Vandervell v IRC,1966,"Ch 261, [1967] 2 AC 291 (HL) 6-31, 6-34",,2940,
Re Vandervell's Trusts (No 2),,,,2941,
Re Van Gruisen's Will Trusts,,,,2942,
Vaughton v Noble,1864,30 Beav 3412-9,,2943,
Re Vautier,,,,2949,
Vervaek v Smith,1981,Fam 7715-72,,2950,
Re VGM Holdings Ltd,,,,2951,
"Vibert, In the Matter of the Representation of [1987-88]",,JLR 96]4-56,,2952,
Viberts v Golder [1995,,JLR 297]7-31,,2953,
Re Vickery,,,,2954,
Victor Hanby Associates Ltd and Hanby v Oliver [1990,,"JLR 337] 5-97, 5-98",,2955,
Vieira v Kordas,2013,JRC 2515-68,,2956,
Vilsmeier v AI Airports International Ltd and PI Power International Ltd,2014,JRC 25712-66,,2957,
Virani v Virani [2000,,"JLR 203] 1-36, 1-86, 2-21, 2-32, 16-53",,2958,
Virgin Atlantic Airways v Zodiac Seats UK Ltd (formerly),,,,2959,
Contour Aerospace Ltd),2013,UKSC 4715-29,,2960,
Viscount v AG [2002,,JLR 268]5-13,,2961,
Viscount v Wadman,1972,"JJ 2085 8-79, 11-3",,2962,
Volaw & Ors v Comptroller of Taxes & States of Jersey,2015,"JRC 244 5-83, 5-85",,2963,
Volaw Trust and Corporate Services Ltd and Larsen v Office of the,,,,2964,
Comptroller of Taxes,2013,"JRC 095 5-83, 5-85",,2965,
Volaw Trust and Corporate Services Ltd v Larsen,2013,JRC 148C5-83,,2966,
Volaw Trustees Ltd v Trustcorp (Jersey) Ltd,2013,JRC 0285-80,,2967,
Von Lorang v Administrator of Austrian property,1927,AC 64115-12,,2968,
"VR Family Trust, In re [2009",,"JLR 202]8-17, 8-36, 8-37, 8-95",,2969,
VR Family Trust v Van Rooyen,2009,"JRC 109 10-1, 10-7, 10-22, 10-23, 10-27",,2970,
VTB Capital plc v Nutrtek International Corp & Ors,2013,UKSC 52-24,,2972,
W Dennis & Sons v West Norfolk Farmers Mature and Chemical Cooperative,,,,2974,
Company Ltd,1943,1 ChD 2203-130,,2975,
Waddington Ltd v Chan Chun Hoo Thomas,2008,HKCFA 8612-89,,2976,
Wade v Poppleton & Appleby,2003,EWHC 3159 (Ch)8-95,,2977,
Wadman v Dick [1993,,"JLR 63] 5-104, 5-107, 5-121",,2978,
Wakelin v Read,2000,PLR 31912-40,,2979,
Walker v Egerton-Vernon [2014 (1),,JLR 182]16-43,,2980,
Walker v Hawksford Trust Company Jersey Ltd,2014,(1) JLR 18216-1,,2981,
Walker v Stones,2001,"QB 902 7-69, 12-41, 12-87",,2982,
Walker & Delarose Trustee Ltd v Egerton-Vernon & Ors [2014 (1),,"JLR 182] 16-22, 16-48",,2984,
Re Wallace's Settlement,,,,2985,
Wallersteiner v Moir (No 2),1975,"QB 373 3-74, 12-66",,2986,
Re Walmsley,,,,2987,
Warner v Equity Trust (Jersey) Ltd [2008,,JLR N [1]]5-131,,2988,
Wassell v Leggatt,1896,1 Ch 55416-28,,2989,
Re Waterman's Will Trusts,,,,2990,
Re Watson,,,,2991,
Watt v Barnett,1878,3Q BD 3631-82,,2992,
Weatherford Global Products Ltd v Hydropath Holdings Ltd & Ors,,,,2993,
Re Webb,,,,2995,
Webster v Sanderson Solicitors,2009,"EWCA Civ 830 12-74, 12-89",,2996,
Wells v Wells,1962,"1 WLR 397 874 7-12, 8-59",,2997,
West v Lazard Bros & Co (Jersey) Ltd [1987-88,,JLR N22],,3003,
Westbond International Bank Ltd v Cantrust (C.I.) Ltd,,,,3007,
Westdeutsche Landesbank Giozentrale v Islington,,,,3009,
LBC,1996,"AC 6696-1, 6-3, 6-12, 6-23, 6-26, 6-29, 6-31",,3010,
Wester v Borland,2007,"EWHC 2484 (Ch) 10-43, 11-41",,3012,
"Western, etc, Building Society v Rucklidge",1905,2 ChD 4721-60,,3013,
Re Westminster Bank Ltd's Declaration of Trust,,,,3014,
Westminster Corporation v St George's Hanover Square,1909,1 Ch 5923-64,,3015,
Re Westminster Property Management Ltd,,,,3016,
Re Weston,,,,3017,
Re Weston's Settlement,,,,3018,
Re Whigham's Settlement Trusts,,,,3019,
Re Whightwick's Will Trusts,,,,3020,
White v Jones,1995,"2 AC 207, HL12-69",,3021,
White v Lady Lincoln,1803,8 Ves Jr 3635-20,,3022,
Re Whitehouse,,,,3023,
Whiteside v Whiteside,1950,"Ch 65, CA 4-42, 4-44",,3024,
Re Whittall,,,,3025,
Whyte v Whyte,2005,EWCA Civ 85815-22,,3026,
Wigley & Ors v Dick [1989,,"JLR 318] 5-112, 5-119, 5-122",,3027,
Wiley (as Trustee of the Bankrupt Estate of Fuller) v Fuller,2000,FCA 15124-11,,3028,
"Wilkes Annuity Investment Trust, In the Matter of",2015,"JRC 200 4-27, 4-32",,3029,
Re William Makin & Son Ltd,,,,3030,
Williams v Allen (No 2),1863,32 Beav 65012-9,,3031,
Williams v Central Bank of Nigeria,2012,EWHC 74 (QB),,3032,
Williams v Stevens,1866,"LR 1 PC 352 8-79, 11-3",,3035,
Re Williams,,,,3036,
"Williams and Clark, In the Matter of the Representation of",2012,JRC 0765-131,,3037,
Williams & Glyn's Bank v Astro Dinamico,1984,1 WLR 42815-22,,3038,
Williamson v Barbour,1877,9 ChD 5297-8,,3039,
Re Wills Trust Deeds,,,,3040,
"Wimbourne (Viscount), ex parte",1983,"JJ 171-12, 4-54, 8-41, 11-56",,3041,
Re Windeatt's Will Trusts,,,,3042,
Winterthur Swiss Insurance Company & Anor v AG (Manchester),,,,3043,
Ltd & Ors,2006,"EWHC 839 (Comm) 3-133, 3-135",,3044,
"Winton Investment Trust, In re [2007",,JLR N[56]]4-25,,3045,
Wisniewski v Central Manchester Health Authority,1998,PIQR P3249-37,,3046,
Woodland-Ferrari v UCL Group Retirement Benefits Scheme,2002,,,3047,
EWHC 1354 (Ch),2003,Ch 1157-67,,3048,
Woodyatt v Gresley,1836,8 Sim 18012-9,,3049,
Wrays v Waray,1901,P 1321-84,,3050,
Wright v Morgan,1926,"AC 788 8-7, 8-9, 8-13, 8-14, 8-39",,3051,
Wright v Rockway Ltd [1994,,JLR 321]2-27,,3052,
Wright v Snowe,1848,2 De G & Sm 321 .......................................................................................... 7-52,,3058,
Wright v Wilkin,1858,6 ER 643 ...................................................................................................... 5-115,,3059,
Re Wrightson,,,,3060,
Re WW and XX,,,,3061,
Wynne v Tempest,1897,13 TLR 360 ................................................................................................. 7-81,,3062,
X v A,2000,1 All ER 490 .................................................................................................................. 10-43,,3064,
"X's Settlement, In re [1994",,JLR N-6] ................................................................................................ 11-21,,3065,
Re X Trust,,,,3066,
"Y Trust, In re [2011 JLR 464]",2011,"JRC 135 ............................................ 3-12, 3-18, 3-22, 3-26, 4-44",,3068,
"Y Trust, In re",2011,JLR N[34]] ......................................................................................................... 3-58,,3070,
"Y Trust, In re [2014 (1)",,"JLR 199].............................................................................3-24, 3-29, 5-14, 8-48",,3071,
Yashvina Parujan v Atlantic Western Trustees Ltd,2003,JRC 045 ................................................... 10-9,,3072,
Ybanez v BBVA Privanza Bank (Jersey) Ltd [2007,,"JLR N-45]................................................. 1-91, 3-22",,3073,
Yeatman v Yeatman,1877,7 ChD 210 ............................................................................................. 12-79,,3074,
Young v Harris,1891,65 LT 45 ........................................................................................................ 16-28,,3075,
Young v Murphy,1996,"1 V 279 ........................................................................................... 12-76, 12-78",,3076,
Z v Y & Ors [2-14],,"JRC 170 ....................................................................................................... 6-31, 6-34",,3078,
"Z Trusts, In the Matter of",1997,CILR 248 (Cayman) .................................................................... 10-24,,3079,
"Z Trusts, In the Matter of [2015 (1) JLR N13]",2015,"JRC 031 ......................... 8-55, 11-4, 11-5, 11-12",,3080,
"Z Trusts, In the Matter of",2015,"JRC 196C .................................. 9-35, 10-2, 11-65, 11-66, 11-67, 1-69",,3082,
"Z Trusts, In the Matter of",2016,"JRC 048 ........................................... 7-78, 7-83, 9-43, 9-44, 9-48, 9-50",,3083,
